title,similarity,url,rating
[空巣] しつけあい [中国翻訳],0.7,https://nhentai.net/g/304245/,3052
[左藤空気] 愛聖天使ラブメアリー  [中国翻訳] [DL版],0.7,https://nhentai.net/g/260550/,2967
[左藤空気] 愛聖天使ラブメアリー  [中国翻訳] [DL版],0.7,https://nhentai.net/g/255455/,1262
[おるとろ] とろかせおるがずむ [中国翻訳],0.6,https://nhentai.net/g/280892/,4566
[おるとろ] とろかせおるがずむ [中国翻訳] [無修正] [DL版],0.6,https://nhentai.net/g/349529/,3600
[山田ゴゴゴ] エローナ オークの淫紋に侵された女騎士の末路 [中国翻訳] [DL版],0.6,https://nhentai.net/g/279072/,2610
"[木星在住] 田舎処女 + イラストカード, 複製原画 [中国翻訳]",0.6,https://nhentai.net/g/237453/,1730
[Crazy9 (いちたか)] C9-41 小百合〜彼氏と初H目前に痴漢にNTRれた少女 [中国翻訳] [DL版],0.6,https://nhentai.net/g/334641/,1620
[山田ゴゴゴ] エローナ オークの淫紋に侵された女騎士の末路 [中国翻訳] [DL版],0.6,https://nhentai.net/g/279061/,1050
[エロマズン (まー九郎)] 四宮かぐやを強姦したい (かぐや様は告らせたい) [中国翻訳] [DL版],0.5,https://nhentai.net/g/277510/,5440
[みちきんぐ] 性活週間+sp(完整收录)[无毒汉化组],0.5,https://nhentai.net/g/288581/,5280
[大空若葉] アオラブ [中国翻訳] [無修正],0.5,https://nhentai.net/g/325426/,4949
(C97) [50on! (愛上陸)] 催眠性指導総集編1 [中国翻訳],0.5,https://nhentai.net/g/306766/,4229
[無洗米] おち○ちんに負けてしまった女の子たち [中国翻訳] [無修正],0.5,https://nhentai.net/g/325386/,4119
[日月ネコ] 因果応報★JK痴漢レイプ＋その後 (コミックグレープ Vol.50) [中国翻訳] [DL版],0.5,https://nhentai.net/g/304666/,4104
[俵緋龍] 熟メス♀ [中国翻訳],0.5,https://nhentai.net/g/326828/,4049
(C97) [50on! (愛上陸)] 催眠性指導 総集編1 [中国翻訳],0.5,https://nhentai.net/g/329268/,3971
[史鬼匠人] 桜宮姉妹のネトラレ記録 [中国翻訳],0.5,https://nhentai.net/g/260436/,3959
[しろくま] ぱい・はーど [中国翻訳],0.5,https://nhentai.net/g/287553/,3818
(C96) [第6基地 (キチロク)] 推シツケ [中国翻訳],0.5,https://nhentai.net/g/322672/,3600
[むねしろ] 溺愛交尾 [中国翻訳],0.5,https://nhentai.net/g/291226/,3573
[鈴木狂太郎] 人狼教室 [中国翻訳] [DL版],0.5,https://nhentai.net/g/351046/,3526
(C93) [50on! (愛上陸)] 催眠性指導 3 宮島桜と加瀬正文の場合 [中国翻訳],0.5,https://nhentai.net/g/220155/,3507
(C97) [50on! (愛上陸)] 催眠性指導 総集編1 [中国翻訳],0.5,https://nhentai.net/g/324771/,3404
[空巣] ミウリヅマ [中国翻訳],0.5,https://nhentai.net/g/348032/,3400
[俵緋龍] 熟メス♀ [中国翻訳],0.5,https://nhentai.net/g/293547/,3029
[chaccu] 聖女の献身 [中国翻訳],0.5,https://nhentai.net/g/261874/,2810
[飯食って寝る。 (あたげ)] チンポのでかさでしか男の価値が分からなくなった「雌穴」[中國翻譯],0.5,https://nhentai.net/g/354802/,2098
(C93) [Sugar＊Berry＊Syrup (クロエ)] 恥辱の痴漢電車～私、好きな人の側で痴漢されました～  [中国翻訳],0.5,https://nhentai.net/g/219433/,2092
[BANG-YOU] ストップウォッチャー [中国翻訳],0.5,https://nhentai.net/g/209101/,1878
[丸居まる] 貼ったらヤレちゃう!? えろシール～ワガママJKのアソコをたった1枚で奴隷に～ 1-18 [中国翻訳] [DL版],0.5,https://nhentai.net/g/319911/,1510
[粉織] 絶食系男子、性欲を知る 第1-6話 [中国翻訳],0.5,https://nhentai.net/g/331434/,1489
[丸居まる] 貼ったらヤレちゃう!? えろシール～ワガママJKのアソコをたった1枚で奴隷に～ 1-14 [中国翻訳] [DL版],0.5,https://nhentai.net/g/289176/,1452
[丸居まる] 貼ったらヤレちゃう!? えろシール～ワガママJKのアソコをたった1枚で奴隷に～ 1-19 [中国翻訳] [DL版],0.5,https://nhentai.net/g/334199/,1351
[丸居まる] 貼ったらヤレちゃう!? えろシール～ワガママJKのアソコをたった1枚で奴隷に～ 1-13 [中国翻訳] [DL版],0.5,https://nhentai.net/g/271049/,1347
[ぽぽちち (八尋ぽち)] フリーおっぱい [中国翻訳],0.4,https://nhentai.net/g/326599/,6358
[篠塚裕志] 初めてのヒトヅマ [中国翻訳] [無修正],0.4,https://nhentai.net/g/330720/,5591
[煌野一人] ヒプノアプリ×タイムストップファンタジア [中国翻訳] [DL版],0.4,https://nhentai.net/g/348721/,5565
[「タカシ」] ピリオド [中国翻訳],0.4,https://nhentai.net/g/286268/,5413
[あらくれ] 故に人妻は寝取られた。 [中国翻訳] [無修正] [DL版],0.4,https://nhentai.net/g/262186/,5046
[エロマズン (まー九郎)] 指導されちゃう吉田さん (私がモテないのはどう考えてもお前らが悪い!) [中国翻訳] [DL版],0.4,https://nhentai.net/g/320022/,4855
[AMAM (雨あられ)] 図書室ノ彼女～清楚ナ君ガ堕チルマデ～ [中国翻訳] [DL版],0.4,https://nhentai.net/g/282239/,4733
[空巣] メスはめイキぞめ [中国翻訳],0.4,https://nhentai.net/g/241348/,4420
[サイクロン (和泉、冷泉)] みだれうち [中国翻訳],0.4,https://nhentai.net/g/282463/,4291
(C94) [真珠貝 (武田弘光)] 茜ハ摘マレ 染メラレル [中国翻訳],0.4,https://nhentai.net/g/242708/,4059
[ピジャ] 投げ銭￥交際 +もっと投げ銭￥交際 + もっとX2投げ銭￥交際  [中国翻訳] [DL版],0.4,https://nhentai.net/g/323395/,4059
[エロマズン (まー九郎)] 四宮かぐやを強姦したい 2 (かぐや様は告らせたい) [中国翻訳],0.4,https://nhentai.net/g/293639/,3989
[にゅう工房 (にゅう)] 睡姦放題 同級生女子はボクの生オナホ [中国翻訳] [DL版],0.4,https://nhentai.net/g/285458/,3946
[エロマズン (まー九郎)] 催眠田村ゆり(17) (私がモテないのはどう考えてもお前らが悪い!) [中国翻訳] [DL版],0.4,https://nhentai.net/g/317216/,3830
[真珠貝 (武田弘光)] れいたま (響け!ユーフォニアム) [中国翻訳] [DL版],0.4,https://nhentai.net/g/333682/,3786
[可哀想] 堕性イズム [中国翻訳],0.4,https://nhentai.net/g/265207/,3767
[煌野一人] 催眠アプリファンタジー [中国翻訳],0.4,https://nhentai.net/g/304702/,3700
[アガタ] 超おね×パコ3 [中国翻訳],0.4,https://nhentai.net/g/261975/,3599
[野良黒ネロ] 牝歓 カレ氏に絶対言えない、カレパパ種付け生交尾 [中国翻訳],0.4,https://nhentai.net/g/258342/,3595
(C91) [熟成角砂糖 (sugarBt)] ウルトラビーストなんてなかった (ポケットモンスター サン･ムーン) [中国翻訳],0.4,https://nhentai.net/g/186655/,3439
[オクモト悠太] ちちまみれ + 虎穴&蜜瓜特典 [中国翻訳] [無修正],0.4,https://nhentai.net/g/319527/,3436
[でらうえあ] となりのサキュバスちゃん 第1-3話 [中国翻訳] [DL版],0.4,https://nhentai.net/g/300120/,3400
[水龍敬] 貞操観念ZERO [中国翻訳],0.4,https://nhentai.net/g/272689/,3328
[アンソロジー] 別冊コミックアンリアル 変態催眠〜肉便器堕ちした美少女たち〜 Vol.1 [中国翻訳] [DL版],0.4,https://nhentai.net/g/327740/,2856
[史鬼匠人] TR逆痴漢専用車両 [中国翻訳],0.4,https://nhentai.net/g/318466/,2703
[森島コン] おねえちゃんたいむ♡ [中国翻訳],0.4,https://nhentai.net/g/325831/,2607
(C94) [てぃらみすたると (一弘)] 淫魔吸精2 ～ショタ喰いサキュバスお姉さん～ [中国翻訳],0.4,https://nhentai.net/g/278411/,2586
[いぶろー。] SELECT (COMIC 高 2017年10月号) [中国翻訳] [DL版],0.4,https://nhentai.net/g/299608/,2257
[史鬼匠人] TR逆痴漢専用車両 第3-5話 [中国翻訳],0.4,https://nhentai.net/g/309115/,2226
(C93) [Vパン'sエクスタシー (左藤空気)] immoral fact (アイドルマスターシンデレラガールズ) [中国翻訳],0.4,https://nhentai.net/g/219234/,2089
[新堂エル] TSF物語 [中国翻訳],0.4,https://nhentai.net/g/219849/,2021
[haidara] ふたなりシスター、愛娘をレイプす! [中国翻訳],0.4,https://nhentai.net/g/308626/,1968
[ソメジマ] 絶頂!妖怪淫交 (コミックアンリアル 2020年4月号 Vol.84) [中国翻訳] [DL版],0.4,https://nhentai.net/g/314702/,1945
[おおとりりゅうじ] 集団痴漢電車 [中国翻訳],0.4,https://nhentai.net/g/326220/,1814
"(C92) [ジンガイマキョウ (犬江しんすけ)] Festa,Festa,Festa!!! デレマス総集編 (アイドルマスターシンデレラガールズ) [中国翻訳]",0.4,https://nhentai.net/g/217451/,1807
[inono] 校内売春 [中国翻訳],0.4,https://nhentai.net/g/238502/,1763
[くもえもん] 穴ごしらえ 縄牝な女たち [中国翻訳] [DL版],0.4,https://nhentai.net/g/302057/,1611
[左藤空気] 愛聖天使ラブメアリー ～悪性受胎～ 第1-8話 [中国翻訳] [無修正] [DL版],0.4,https://nhentai.net/g/325356/,1578
[サークルARE (華師)] :チカンから始まる異世界性活 (Re:ゼロから始める異世界生活) [中国翻訳],0.4,https://nhentai.net/g/336100/,1410
[夜与] 牝堕機姦～無限淫獄で悶絶する乙女たち～ [中国翻訳],0.4,https://nhentai.net/g/184083/,1367
[Imitation Moon (成海優)] 俺の愛した彼女はもういない… (ソードアート・オンライン) [中国翻訳],0.4,https://nhentai.net/g/315722/,1344
[イカめし食堂 (イカめし)] 聖装煌姫セイクリッドフレア-屈辱の強制服従洗脳- [中国翻訳] [DL版],0.4,https://nhentai.net/g/343386/,1226
[チバトシロウ] り:いんかねーしょん [中国翻訳],0.4,https://nhentai.net/g/187056/,1060
[きょくちょ] みやびな先輩❤ (COMIC BAVEL 2020年5月号) [中国翻訳] [DL版],0.3,https://nhentai.net/g/306462/,8069
(C92) [稲荷屋 (稲荷)] 姉弟における性交渉の記録 [中国翻訳],0.3,https://nhentai.net/g/208478/,6625
[ぞんだ] 犯してあげる [中国翻訳],0.3,https://nhentai.net/g/324528/,5795
[変熊] Can't escape (コミックゼロス #88) [中国翻訳] [DL版],0.3,https://nhentai.net/g/344724/,5787
[きょくちょ] みやびな先輩❤ (COMIC BAVEL 2020年5月号) [中国翻訳] [DL版],0.3,https://nhentai.net/g/308173/,5785
[篠塚裕志] 初めてのヒトヅマ [中国翻訳],0.3,https://nhentai.net/g/279909/,5554
[エロマズン (まー九郎)] 胡蝶しのぶ姦 ～寝ている間におっさん鬼に犯される～ (鬼滅の刃) [中国翻訳] [DL版],0.3,https://nhentai.net/g/319344/,5540
[エロマズン (まー九郎)] 鬼滅の裏本 (鬼滅の刃) [中国翻訳],0.3,https://nhentai.net/g/290755/,5466
(C97) [50on! (愛上陸)] 催眠性指導総集編1 [中国翻訳],0.3,https://nhentai.net/g/299686/,5447
[サイクロン (和泉、冷泉)] 彼とわたしと店長の深夜勤務 [中国翻訳],0.3,https://nhentai.net/g/253765/,5225
(C97) [もすきーと音。 (ぐれーともす)] 清楚彼女、堕ちる。 [中国翻訳],0.3,https://nhentai.net/g/323418/,5210
(C94) [にゅう工房 (にゅう)] おいでませ!!2次元風俗学園 第2区画 (よろず) [中国翻訳],0.3,https://nhentai.net/g/244465/,5126
[でらうえあ] となりのサキュバスちゃん 第1-4話 [中国翻訳] [DL版],0.3,https://nhentai.net/g/315839/,5011
[ぷぅのぷぅぷぅぷぅ] 軽い気持ちで部屋に上げたギャルとハメまくり!? [中国翻訳],0.3,https://nhentai.net/g/291832/,4865
[新井大器] GLoRy HoLE (COMIC BAVEL 2016年6月号) [中国翻訳],0.3,https://nhentai.net/g/300939/,4757
(C97) [DA HOOTCH (新堂エル)] 良き妻 [中国翻訳],0.3,https://nhentai.net/g/297960/,4637
[清宮涼] まんなか。 [中国翻訳] [無修正],0.3,https://nhentai.net/g/325259/,4633
(C93) [真珠貝 (武田弘光)] 向日葵ハ夜ニ咲ク [中国翻訳],0.3,https://nhentai.net/g/218848/,4519
[ひぐま屋 (野良ヒグマ)] 目立たない存在の僕が高嶺の花の先輩とエッチな関係になっちゃった話 [中国翻訳],0.3,https://nhentai.net/g/336166/,4436
[もすきーと音。 (ぐれーともす)] 清楚彼女、堕ちる。 [中国翻訳] [DL版],0.3,https://nhentai.net/g/295807/,4428
[もり苔] 恥辱の森-エルフ陥落- [中国翻訳] [DL版],0.3,https://nhentai.net/g/293633/,4422
[Fue] 淫魔のミカタ! [中国翻訳],0.3,https://nhentai.net/g/217752/,4417
[常磐緑] 蕩けるカラダは乙女色 [中国翻訳],0.3,https://nhentai.net/g/345232/,4373
[印度カリー] 痴女専用車＜ビッチオンリー＞ [中国翻訳],0.3,https://nhentai.net/g/284695/,4340
(C92) [熟成角砂糖 (sugarBt)] ウルトラビーストなんてなかった2 (ポケットモンスター サン･ムーン) [中国翻訳],0.3,https://nhentai.net/g/207752/,4333
[瀬奈陽太郎] ねっとりネトラレ 第3話 (COMIC ペンギンクラブ 2020年7月号) [中国翻訳],0.3,https://nhentai.net/g/317204/,4320
[真珠貝 (武田弘光)] 向日葵ハ夜ニ咲ク [中国翻訳] [DL版],0.3,https://nhentai.net/g/332553/,4296
[sugarBt] 正しい子供の作り方 (COMIC アオハ 2019 秋) [中国翻訳] [DL版],0.3,https://nhentai.net/g/352103/,4247
(C96) [mon-petit (もんぷち)] 夏が終わるまで 夏の終わり 完結編 [中国翻訳],0.3,https://nhentai.net/g/283120/,4226
[桂井よしあき] 天使学園の寮姦性活 Side Story -周防院 涼華- (コミック エグゼ 12) [中国翻訳] [DL版],0.3,https://nhentai.net/g/231109/,4121
[だむ] あのヒトを追いかけて (COMIC 失楽天 2019年12月号) [中国翻訳] [DL版],0.3,https://nhentai.net/g/289297/,4088
[かくれんぼ (だにまる)] お姉ちゃんがエッチなコトばっかするから... [中国翻訳] [DL版],0.3,https://nhentai.net/g/330233/,4072
[あきのそら] 姉季折々 + 8P小冊子 [中国翻訳],0.3,https://nhentai.net/g/254909/,4040
[ばーるん] 真面目でメガネなおっぱい達 [中国翻訳],0.3,https://nhentai.net/g/304410/,4012
(C96) [50on! (愛上陸)] 催眠性指導4 妊娠体験指導 [中国翻訳],0.3,https://nhentai.net/g/312145/,4004
[南方ヒトガクシキ (仲村レグラ)] 魔魅の廻 [中国翻訳] [DL版],0.3,https://nhentai.net/g/258067/,4003
[NCP (big.g)] 寝取られ妻 [中国翻訳],0.3,https://nhentai.net/g/246461/,4002
[Starmine18 (HANABi)] 風紀の敗北-ドスケベJKギャルコンビの弟寝取り- [中国翻訳] [DL版],0.3,https://nhentai.net/g/297762/,3992
[青水庵 (エロデザイン工房)] 気に入った膣にいきなり中出しOKなリゾート島 2 [中国語],0.3,https://nhentai.net/g/253200/,3966
[もり苔] 恥辱の森-エルフ陥落- 第1-4話 [中国翻訳] [DL版],0.3,https://nhentai.net/g/331412/,3917
[なぱた] 前の席の女 (COMIC快楽天 2020年3月号) [中国翻訳] [DL版],0.3,https://nhentai.net/g/304546/,3912
[真白しらこ] 彼女フェイス (COMIC アンスリウム 2020年3月号) [中国翻訳] [DL版],0.3,https://nhentai.net/g/311307/,3859
(C95) [NOSEBLEED (宮元一佐)] はーとまーく多め。 [中国翻訳],0.3,https://nhentai.net/g/265083/,3858
[もり苔] 恥辱の森-エルフ陥落- ch.1-5 [中国翻訳] [DL版],0.3,https://nhentai.net/g/338701/,3844
[にぎりうさぎ] 櫻◯ [中国翻訳],0.3,https://nhentai.net/g/334624/,3807
(C94) [50on! (愛上陸)] 催眠性指導 4 妊娠体験指導(試) [中国翻訳],0.3,https://nhentai.net/g/245877/,3761
[変熊] Libido [中国翻訳],0.3,https://nhentai.net/g/287733/,3725
[いーむす・アキ] きもちいーむすめ [中国翻訳],0.3,https://nhentai.net/g/248413/,3709
[もり苔] 恥辱の森-エルフ陥落- [中国翻訳] [DL版],0.3,https://nhentai.net/g/299914/,3670
[laliberte] CHALLENGE剑道少女的挑战 [中国翻訳][流木个人汉化],0.3,https://nhentai.net/g/348800/,3642
(C96) [妄想出口 (右脳)] なまいきチュウニイズム [中国翻訳],0.3,https://nhentai.net/g/284394/,3637
[sugarBt] 正しいゴムの使い方 (COMIC アオハ 2019 夏) [中国翻訳] [DL版],0.3,https://nhentai.net/g/280584/,3613
(C91) [真珠貝 (武田弘光)] マイタマ (無彩限のファントム・ワールド) [中国翻訳],0.3,https://nhentai.net/g/182867/,3583
[ぬんぬ] へっぽこサキュバスの食性活 (COMIC BAVEL 2020年7月号) [中国翻訳] [DL版],0.3,https://nhentai.net/g/315075/,3575
[おとちち] ママならないオンナたち [中国翻訳],0.3,https://nhentai.net/g/289022/,3534
(C96) [釣りキチ同盟 (坂本サルトムント練馬)] 通常性交が全体交尾で二穴OKのお母さんは好きですか? (通常攻撃が全体攻撃で二回攻撃のお母さんは好きですか?) [中国翻訳],0.3,https://nhentai.net/g/304000/,3523
[もんぷち] らぶ☆りび Love&Libido 彼女たちの性事情 [中国翻訳],0.3,https://nhentai.net/g/281935/,3487
[チキン] 僕と不良と屋上で (COMIC アンスリウム 2020年6月号) [中国翻訳] [DL版],0.3,https://nhentai.net/g/317905/,3475
(C97) [正経同人 (As109)] 森中のあること [中国翻訳],0.3,https://nhentai.net/g/296462/,3461
[もり苔] 恥辱の森-エルフ陥落- ch.1-6 [中国翻訳] [DL版],0.3,https://nhentai.net/g/352027/,3452
[かくれんぼ (だにまる)] お姉ちゃんがエッチなコトばっかするから... [中国翻訳],0.3,https://nhentai.net/g/331250/,3399
[煌野一人] JK退魔部 Season1 [中国翻訳],0.3,https://nhentai.net/g/331377/,3371
(C94) [brio (ぷよちゃ)] Bittersweet (ダーリン・イン・ザ・フランキス) [中国翻訳],0.3,https://nhentai.net/g/268416/,3338
[アガタ] おねショタ病棟24時 ハーレム入淫生活 + イラストカード [中国翻訳],0.3,https://nhentai.net/g/316171/,3318
[もつあき] 交尾はめちゃくちゃ気持ちいい [中国翻訳],0.3,https://nhentai.net/g/314738/,3297
[ヘリを] 風紀(モラル)はざーど (やみつきフェロモン) [中国翻訳] [DL版],0.3,https://nhentai.net/g/295501/,3222
[きょくちょ] らぶりーあいなちゃん❤ (COMIC BAVEL 2018年8月号) [中国翻訳] [DL版],0.3,https://nhentai.net/g/304166/,3206
[にゅう工房 (にゅう)] ボクのセフレなじみ～ド変態エロ本を見つけてしまった夏～ [中国翻訳] [DL版],0.3,https://nhentai.net/g/311593/,3181
[ぽぽちち (八尋ぽち)] 妹催眠開発「体が動かないっ!!」 [中国翻訳] [DL版],0.3,https://nhentai.net/g/281715/,3148
(C96) [てぃらみすたると (一弘)] 彼女の姉はギャルでビッチでヤリマンで [中国翻訳],0.3,https://nhentai.net/g/285930/,3142
[NCP (川乃雅慧)] 時間よ。止まれ!通学途中の無抵抗、無表情な女子学生をハメまくるっ! [中国翻訳],0.3,https://nhentai.net/g/260274/,3134
[ぽんこっちゃん] サイミンスプレイ [中国翻訳] [無修正],0.3,https://nhentai.net/g/288648/,3134
[黒倉エリ] お姉ちゃんとイっしょ! [中国翻訳],0.3,https://nhentai.net/g/282989/,3076
[けんじ] 妖精ハーレム★大爆発 第1話 (COMIC 阿吽 2019年2月号) [中国翻訳] [DL版],0.3,https://nhentai.net/g/301460/,3034
(C96) [飯食って寝る。 (あたげ)] 都合の良い楽しい異世界でクズ男の便利な雌になる [中国翻訳],0.3,https://nhentai.net/g/297696/,2994
[ネクサス工房 (在誠舞あゆか+)] 生意気お嬢様への調教のススメ [中国翻訳] [DL版],0.3,https://nhentai.net/g/323482/,2991
[Fatalpulse (朝凪)] VictimGirlsR 痴漢撲滅運動 [中国語] [無修正],0.3,https://nhentai.net/g/348595/,2869
(C93) [みくろぺえじ (黒本君)] JC痴漢で性教育+会場限定おまけ本 [中国翻訳],0.3,https://nhentai.net/g/220748/,2751
(C93) [みくろぺえじ (黒本君)] JC痴漢で性教育+会場限定おまけ本 [中国翻訳],0.3,https://nhentai.net/g/220033/,2528
(COMIC1☆13) [Sugar*Berry*Syrup (クロエ)] 恥辱の痴漢電車2～狙われた受験生～ [中国翻訳],0.3,https://nhentai.net/g/271661/,2455
[F宅 (安間)] 即売会の列で… [中国翻訳] [DL版],0.3,https://nhentai.net/g/339697/,2366
(C94) [Sugar*Berry*Syrup (クロエ)] 恥辱の痴漢電車3～人妻車内強制授乳～ [中国翻訳],0.3,https://nhentai.net/g/261367/,2311
(C97) [X∞MODEL (錦♡愛)] GUND CUNNUM vol.5 出産牧場 刻淫の女騎士 寝取り完了篇 [中国翻訳],0.3,https://nhentai.net/g/306678/,2200
[sugarBt] 快感特急アナル行き (COMIC 天魔 2016年1月号) [中国翻訳],0.3,https://nhentai.net/g/173870/,2172
(C95) [琴乃舎 (むつみまさと)] SSSS. (SSSS.GRIDMAN) [中国翻訳],0.3,https://nhentai.net/g/275066/,2062
[アンソロジー] 別冊コミックアンリアル 変態催眠〜肉便器堕ちした美少女たち〜 Vol.2 [中国翻訳] [DL版],0.3,https://nhentai.net/g/327900/,2032
[U.R.C (桃屋しょう猫)] さぁやっちゃお!AFTER (HUGっと!プリキュア) [中国翻訳] [DL版],0.3,https://nhentai.net/g/290593/,2000
[川乃雅慧] 超強淫コントロール [中国翻訳],0.3,https://nhentai.net/g/205201/,1892
[史鬼匠人] TR逆痴漢専用車両 第1話 [中国翻訳],0.3,https://nhentai.net/g/304447/,1725
[三九] 彼氏の隣でイッてみる？～女子大生ハメられスポーツジム [中国翻訳],0.3,https://nhentai.net/g/328322/,1693
[ひっさつわざ (ひっさつくん)] 無人駅 [中国翻訳] [DL版],0.3,https://nhentai.net/g/302865/,1628
[三崎 (ティラヌー)] カレより痴漢を選んだ私 [中国翻訳],0.3,https://nhentai.net/g/306523/,1613
(C94) [アンアーク (はも)] さくやはもうもどれない (アイドルマスターシャイニーカラーズ) [中国翻訳],0.3,https://nhentai.net/g/245608/,1611
[すずはねすず] 魔獣浄化少女ウテア [中国翻訳],0.3,https://nhentai.net/g/154054/,1556
[史鬼匠人] TR逆痴漢専用車両 第4-5話 [中国翻訳],0.3,https://nhentai.net/g/306344/,1542
(COMIC1☆10) [40010壱号 (40010試作型)] CHOYGEDO! (この素晴らしい世界に祝福を!) [中国翻訳],0.3,https://nhentai.net/g/162891/,1528
[ブッチャーU] Subverse: ふ化場 [中国翻訳],0.3,https://nhentai.net/g/318925/,1525
[南方ヒトガクシキ (仲村レグラ)] 魔魅の廻 [中国翻訳] [DL版],0.3,https://nhentai.net/g/258040/,1459
[えれ2エアロ] イビルスレイヤーズ (COMIC オルガ vol.03) [中国翻訳],0.3,https://nhentai.net/g/286951/,1424
(サンクリ2016 Autumn) [F宅 (安間)] F宅の総集編-vol.2- [中国翻訳],0.3,https://nhentai.net/g/203226/,1394
[Imitation Moon (成海優)] 彼女はもう『お兄ちゃん』とは呼んでくれない… (ソードアート・オンライン) [中国翻訳] [DL版],0.3,https://nhentai.net/g/345038/,1383
[INS-mode (天凪青磁)] 痴漢の存在しない素晴らしいセカイ [中国翻訳] [DL版],0.3,https://nhentai.net/g/290208/,1359
[ツチノコ] サセ心 -sasegokoro- (COMIC 阿吽 2016年9月号) [中国翻訳],0.3,https://nhentai.net/g/180636/,1355
(C91) [Vパン'sエクスタシー (左藤空気)] 奴隷娼艦時雨 (艦隊これくしょん -艦これ-) [中国翻訳],0.3,https://nhentai.net/g/184248/,1308
[彩～IRODORI～ (SOYOSOYO)] ネトラレノトリコ-カスミノキモチ- [中国翻訳] [DL版],0.3,https://nhentai.net/g/292339/,1301
[三崎 (ティラヌー)] カレより痴漢を選んだ私 [中国翻訳],0.3,https://nhentai.net/g/306492/,1274
[Yokohama Junky (魔狩十織)] トロイの木馬  [中国翻訳],0.3,https://nhentai.net/g/309000/,1170
[タケ] 屍堕とし (コミックアンリアル 2014年6月号 Vol.49) [中国翻訳],0.3,https://nhentai.net/g/303581/,1169
[焼き茄子定食 (茄子EX)] 悪心侵食 [中国翻訳] [DL版],0.3,https://nhentai.net/g/243607/,1150
[えれ2エアロ] イビルスレイヤーズ (COMIC オルガ vol.3) [中国翻訳],0.3,https://nhentai.net/g/286822/,1094
[エレクトさわる] 神曲のグリモワールIII －PANDRA saga 2nd story－ [中国翻訳],0.3,https://nhentai.net/g/189877/,1084
[Yokohama Junky (魔狩十織)] トロイの木馬 [中国翻訳],0.3,https://nhentai.net/g/317049/,1077
[山田ゴゴゴ] エローナ2 オークの淫紋に悶えし巫女の成れの果て 1話「淫紋巫女」 (くっ殺ヒロインズ Vol.5) [中国翻訳] [DL版],0.3,https://nhentai.net/g/324357/,1060
[草野ゆぅ] 発情期 またがる獣耳少女たち [中国翻訳],0.3,https://nhentai.net/g/168241/,342
[八尋ぽち] セフレ (COMIC快楽天 2019年6月号) [中国翻訳] [DL版],0.2,https://nhentai.net/g/288363/,7093
(C95) [闇夢館 (Darkmaya)] 性交の奇跡 (ゴブリンスレイヤー)  [中国翻訳],0.2,https://nhentai.net/g/259801/,6937
(C94) [みくろぺえじ (黒本君)] JC露出で性教育+JCのおまけ [中国翻訳],0.2,https://nhentai.net/g/242402/,6923
[ジャイロウ] 外でしよう!ミッションインポッシブル (コミックミルフ 2019年10月号 Vol.50) [中国翻訳] [DL版],0.2,https://nhentai.net/g/293217/,6886
[黒ノ樹] らすとさま～ (コミック エグゼ 16) [中国翻訳] [DL版],0.2,https://nhentai.net/g/256702/,6865
[変熊] Color mixture (コミックゼロス #83) [中国翻訳] [DL版],0.2,https://nhentai.net/g/309512/,6668
[メメ屋 (メメ50)] オカネダイスキ [リワードエディション] [中国翻訳],0.2,https://nhentai.net/g/343415/,6154
(C96) [はたけのお肉 (みな本)] 妻に黙って即売会に行くんじゃなかった2 [中国翻訳],0.2,https://nhentai.net/g/284344/,6132
[laliberte] GUEST [中国翻訳] [無修正],0.2,https://nhentai.net/g/334753/,6083
[すみやお] 即堕ちロリババア (永遠娘 8) [中国翻訳],0.2,https://nhentai.net/g/307636/,6031
(サンクリ2020 Summer) [KAROMIX (karory)] 妹と(催眠で)イチャイチャする本 [中国翻訳],0.2,https://nhentai.net/g/324438/,5850
[アンソロジー] 別冊コミックアンリアル 人間牧場編4 [中国翻訳],0.2,https://nhentai.net/g/208649/,5800
[エロマズン (まー九郎)] 早坂愛はHなメイド (かぐや様は告らせたい) [中国翻訳],0.2,https://nhentai.net/g/322187/,5688
(C96) [50on! (愛上陸)] 催眠性指導4 妊娠体験指導 [中国翻訳],0.2,https://nhentai.net/g/288749/,5638
[煌野一人] 千年隷嬢～マイレディ、 マイマスター～ 第1-5話 [中国翻訳],0.2,https://nhentai.net/g/306416/,5588
[華フック] 全員失格・母親のメス豚セックス調教記録 [中国翻訳],0.2,https://nhentai.net/g/267277/,5534
[じゃが山たらヲ] いじめてみたい (COMIC 高 2017年10月号) [中国翻訳] [DL版],0.2,https://nhentai.net/g/239953/,5458
[瀬奈陽太郎] ねっとりネトラレ 第2話 (COMIC ペンギンクラブ 2020年6月号) [中国翻訳],0.2,https://nhentai.net/g/313200/,5438
[日月ネコ] 強制種付けエクスプレス [中国翻訳],0.2,https://nhentai.net/g/332717/,5402
[水龍敬] 色欲INFINITE [中国翻訳],0.2,https://nhentai.net/g/294757/,5395
[Number2 (たくじ)] 全員中出しまとめ本２０２０フルカラー総集編 [中国翻訳],0.2,https://nhentai.net/g/342147/,5389
[AMAM (雨あられ)] 図書室ノ彼女2～清楚ナ君ガ堕チルマデ～  [中国翻訳] [DL版],0.2,https://nhentai.net/g/283279/,5369
[復八磨直兎] ミルクまみれ +16P特典 [中国翻訳] [DL版],0.2,https://nhentai.net/g/312769/,5291
[ぽんこっちゃん] サイミンスプレイ [中国翻訳] [無修正],0.2,https://nhentai.net/g/288224/,5186
(C97) [みくろぺえじ (黒本君)] JC監禁で性教育 + JCのおまけ [中国翻訳],0.2,https://nhentai.net/g/296414/,5186
(C96) [メメ屋 (メメ50)] 人妻孕む [中国翻訳],0.2,https://nhentai.net/g/280821/,5123
[ぎんハハ] 二つの世界からの思い (ソードアート・オンライン) [中国語],0.2,https://nhentai.net/g/297643/,5113
[A極振り (Sian)] メス共の4ページ調教記録集 [中国翻訳] [DL版],0.2,https://nhentai.net/g/303257/,5063
[ひし形とまる] おしかけ 爆乳ギャルハーレム性活! [中国翻訳],0.2,https://nhentai.net/g/315074/,5008
(C94) [セカンドカラー (たいぷはてな)] ロリハーレム主人公に(催眠で)なってみた (りゅうおうのおしごと!) [中国翻訳],0.2,https://nhentai.net/g/242619/,5002
(C92) [Fatalpulse (朝凪)] VictimGirlsR 痴漢撲滅運動 [中国翻訳],0.2,https://nhentai.net/g/204242/,4910
[メネア・ザ・ドッグ] 瑞葉におしおき! [中国翻訳],0.2,https://nhentai.net/g/299410/,4874
[西沢みずき] 宴のあとで (COMIC 失楽天 2019年7月号) [中国翻訳] [DL版],0.2,https://nhentai.net/g/277476/,4849
[雨あられ] アロマトリップ (COMIC失楽天 2018年12月号) [中国翻訳] [DL版],0.2,https://nhentai.net/g/286753/,4844
[ニム] おじさんが異世界転生したらエラいところに来てしまった件。 (LQ -Little Queen- Vol.24) [中国翻訳] [DL版],0.2,https://nhentai.net/g/269659/,4833
[こっぺ] Smashing!! (COMIC快楽天ビースト 2019年3月号)  [中国翻訳] [DL版],0.2,https://nhentai.net/g/304452/,4804
[岩崎ユウキ] 閲覧注意 [中国翻訳],0.2,https://nhentai.net/g/285070/,4725
[kakao] 発情びーむ + 虎穴&蜜瓜特典 [中国翻訳],0.2,https://nhentai.net/g/257601/,4722
(C96) [ぷっぷくぷー (可哀想)] 退魔の母 [中国翻訳],0.2,https://nhentai.net/g/289947/,4685
(C97) [乱視と君と。 (santa)] 催眠お宅訪問 ~七瀬みぃなの場合~ [中国翻訳],0.2,https://nhentai.net/g/295681/,4591
(COMIC1☆17) [OrangeMaru (YD)] Nightmare (Fate/Grand Order) [中国翻訳],0.2,https://nhentai.net/g/333651/,4574
[おるとろ] 陰の蔓糸 (COMIC アンスリウム 2019年1月号) [中国翻訳] [DL版],0.2,https://nhentai.net/g/257251/,4558
(C97) [飯食って寝る。 (あたげ)] 俺の妹が叔父さんの「嫁」になると言い出した!! [中国翻訳],0.2,https://nhentai.net/g/313713/,4539
[さいもん] 曇りガラスのむこう (コミック エグゼ 20) [中国翻訳] [DL版],0.2,https://nhentai.net/g/286368/,4517
[モチ] 桃香異聞録 (COMIC X-EROS #14) [中国翻訳] [無修正],0.2,https://nhentai.net/g/181039/,4498
[DOLL PLAY (黒巣ガタリ)] ワイルド式日本人妻の寝取り方 其ノ二 [中国翻訳],0.2,https://nhentai.net/g/324958/,4479
[桂井よしあき] 天使学園の寮姦性活 sidestory -周防院の牝達- (コミック エグゼ 17) [中国翻訳] [DL版],0.2,https://nhentai.net/g/263178/,4446
[メメ50] みなとの宿 (COMIC 失楽天 2016年12月号) [中国翻訳],0.2,https://nhentai.net/g/179946/,4418
[織田non] NON VIRGIN [中国翻訳],0.2,https://nhentai.net/g/297271/,4414
null,0.2,https://nhentai.net/g/301216/,4412
(C96) [MIGNON WORKS (mignon)] むきだしおなか 2 (ラブライブ! サンシャイン!!) [中国翻訳],0.2,https://nhentai.net/g/291650/,4395
[ぷち町屋 (kylin)] お前なんかに負けないっっ！ [中国翻訳],0.2,https://nhentai.net/g/313322/,4371
[あいらんどう] 生意気ルナちゃん (COMIC LO 2018年11月号) [中国翻訳] [DL版],0.2,https://nhentai.net/g/259866/,4365
[ひぐま屋 (野良ヒグマ)] お姉ちゃんの友達がエッチな人ばかりだったから [中国翻訳],0.2,https://nhentai.net/g/291474/,4356
[仁志田メガネ] セレブ奥様は退屈 (コミック刺激的SQUIRT!! Vol.19) [中国翻訳] [DL版],0.2,https://nhentai.net/g/333220/,4352
[八樹ひより] 黒井さんはかしこい (COMIC 快楽天ビースト 2019年5月号) [中国翻訳] [DL版],0.2,https://nhentai.net/g/346943/,4271
[Crimson CROWN (今ゾン)] 弟の恋人が昔調教した元カノだった [中国翻訳],0.2,https://nhentai.net/g/247151/,4255
(C95) [ぶーち] 六花ちゃああぁあアあアァん!! (SSSS.GRIDMAN) [中国翻訳],0.2,https://nhentai.net/g/257891/,4247
[変熊] Color mixture (コミックゼロス #83) [中国翻訳] [DL版],0.2,https://nhentai.net/g/316160/,4238
[真白しらこ] 三月の雨 (COMIC アンスリウム 2019年7月号) [中国翻訳] [DL版],0.2,https://nhentai.net/g/309534/,4231
[オクモト悠太] ヒトヅマミレ・ビーチ！ (COMIC 快楽天ビースト 2018年8月号) [中国翻訳] [DL版],0.2,https://nhentai.net/g/240013/,4223
[あきのそら] 笑顔を咲かせて 第1-5話 [中国翻訳] [DL版],0.2,https://nhentai.net/g/309323/,4171
[きょくちょ] らぶりーあいなちゃん❤❤❤ (COMIC BAVEL 2020年6月号) [中国翻訳] [DL版],0.2,https://nhentai.net/g/310549/,4161
[瀬奈陽太郎] ねっとりネトラレ 第1話 (COMIC ペンギンクラブ 2020年4月号) [中国翻訳] [DL版],0.2,https://nhentai.net/g/305143/,4146
[赤兎 (復八磨直兎)] 俺 異世界で魔法使いになる 2 [中国翻訳] [DL版],0.2,https://nhentai.net/g/300234/,4118
[DOLL PLAY (黒巣ガタリ)] 聖華女学院高等部公認竿おじさん4 [中国翻訳] [DL版],0.2,https://nhentai.net/g/315515/,4101
(C96) [みくろぺえじ (黒本君)] JC催眠で性教育 + JCのおまけ [中国翻訳],0.2,https://nhentai.net/g/281058/,4063
[俵緋龍] 美熟女と野獣  (コミックグレープ Vol.74) [中国翻訳],0.2,https://nhentai.net/g/308404/,4034
null,0.2,https://nhentai.net/g/347430/,4031
[DOLL PLAY (黒巣ガタリ)] 聖華女学院高等部公認竿おじさん3 [中国翻訳] [DL版],0.2,https://nhentai.net/g/296491/,3984
(C94) [LAMINARIA (しおこんぶ)] reginae (ダーリン・イン・ザ・フランキス) [中国翻訳],0.2,https://nhentai.net/g/242652/,3963
[如月邑] 若き恋心～誘惑のイエローカード～ (コミックマグナム Vol.126) [中国翻訳],0.2,https://nhentai.net/g/291024/,3943
[性癖調査団 (越山弱衰)] 面倒事 (とあるサイトの性癖ランキングにて、全年代でNTRがぶっちぎり1位だったので、いろんな女の娘を寝取ってもらいました。) [中国翻訳] [DL版],0.2,https://nhentai.net/g/297791/,3934
[生ハムさんど] スケベに堕ちていく [中国翻訳],0.2,https://nhentai.net/g/343430/,3916
[ぽぽちち (八尋ぽち)] 偽装万引き～狙われた元アイドル妻～ [中国翻訳] [DL版],0.2,https://nhentai.net/g/293614/,3910
[さいもん] Re:初恋 (コミック エグゼ 22) [中国翻訳] [DL版],0.2,https://nhentai.net/g/294862/,3891
[ホムンクルス] Spring of Wife (COMIC快楽天 2016年9月号) [中国翻訳] [DL版],0.2,https://nhentai.net/g/305892/,3887
[みかわや] みだら ふしだら よもすがら,0.2,https://nhentai.net/g/351591/,3864
(C95) [Sugar*Berry*Syrup (クロエ)] 淫溺の令嬢2～衆目に晒される痴態～ [中国翻訳],0.2,https://nhentai.net/g/267314/,3855
[サイクロン (和泉、冷泉)] みだれうち 2 [中国翻訳],0.2,https://nhentai.net/g/305138/,3848
[傷希レイ] ビッチーズジャーニー [中国翻訳],0.2,https://nhentai.net/g/236400/,3837
[みっくすふらい (たくろう)] 叔父と姪トせっくす ～彼氏にはナイショだよ～ [中国翻訳],0.2,https://nhentai.net/g/288404/,3832
[武田弘光] ツンデロ 新装版 [中国翻訳],0.2,https://nhentai.net/g/290179/,3831
[七尾ゆきじ] ママハン  [中国翻訳] [DL版],0.2,https://nhentai.net/g/294762/,3788
[Zトン] 日本エジプト説 (COMIC アンスリウム 2017年3月号) [中国翻訳],0.2,https://nhentai.net/g/192306/,3771
[まぐろ珈琲 (炙りサーモン丸)] 一夜限りのアヤマチ [中国翻訳],0.2,https://nhentai.net/g/299804/,3738
[八尋ぽち] 花の蜜 (COMIC 快楽天 2019年8月号) [中国翻訳] [DL版],0.2,https://nhentai.net/g/303959/,3737
(COMIC1☆11) [50on! (愛上陸)] 催眠性指導 2・5 経過観察 [中国翻訳],0.2,https://nhentai.net/g/195620/,3735
[サイクロン (和泉、冷泉)] 彼とわたしと店長の深夜勤務3 [中国翻訳],0.2,https://nhentai.net/g/274410/,3724
(C93) [Fatalpulse (朝凪)] クソ生意気なドS娘に睡眠薬を (アズールレーン) [中国翻訳],0.2,https://nhentai.net/g/219192/,3699
(C96) [Number2 (たくじ)] たくじ本 2019★なつ 最愛の息子を人質にとられ通常攻撃で抜かずの二回連続ナマ中出しされたこんなお母さんでも好きですか? (通常攻撃が全体攻撃で二回攻撃のお母さんは好きですか?) [中国翻訳],0.2,https://nhentai.net/g/301464/,3692
(コミティア127) [木鈴亭 (木鈴カケル)] 種付おじさんのJK子作りSEX [中国翻訳],0.2,https://nhentai.net/g/265069/,3676
[スルメニウム (谷口大介)] 十年後の八月 君と。 [中国翻訳],0.2,https://nhentai.net/g/319031/,3668
(C91) [OrangeMaru (YD)] だましうちII (アイドルマスター シンデレラガールズ) [中国翻訳],0.2,https://nhentai.net/g/184328/,3651
[ナイロン100% (ナイロン)] 巨乳が悩みの水泳部員 [中国翻訳] [DL版],0.2,https://nhentai.net/g/298749/,3650
[nounanka (あぶぶ)] NPC姦MOD (Skyrim) [中国翻訳],0.2,https://nhentai.net/g/266561/,3645
(C97) [ハチミン (えいとまん)] カゾク狂ミ [中国翻訳],0.2,https://nhentai.net/g/295554/,3644
[mon-petit (もんぷち)] 夏が終わるまで おうち編 [中国翻訳] [DL版],0.2,https://nhentai.net/g/246609/,3642
[もず] キョーイク的指導 (COMIC 快楽天ビースト 2020年5月号) [中国翻訳] [DL版],0.2,https://nhentai.net/g/322275/,3642
[こしの] あいのうた (COMIC BAVEL 2020年1月号) [中国翻訳] [DL版],0.2,https://nhentai.net/g/306804/,3637
[シュート・ザ・ムーン (フエタキシ)] 商店街の穴妻たち [中国翻訳] [DL版],0.2,https://nhentai.net/g/298090/,3624
[ユズハ] センセイ♡ (COMIC快楽天 2019年5月号)[中国翻訳] [DL版],0.2,https://nhentai.net/g/276637/,3609
[朝峰テル] ゆるふわ系大家さん (COMIC BAVEL 2018年10月号) [中国翻訳] [DL版],0.2,https://nhentai.net/g/308860/,3606
[mon-petit (もんぷち)] 夏が終わるまで [中国翻訳] [DL版],0.2,https://nhentai.net/g/224652/,3589
(C92) [真珠貝 (武田弘光)] 紫陽花の散ル頃に [中国翻訳],0.2,https://nhentai.net/g/204196/,3586
[オクモト悠太] ぱーふぇくとぼでぃ! (COMIC 快楽天 2020年3月号) [中国翻訳] [DL版],0.2,https://nhentai.net/g/306229/,3556
[西沢みずき] なされるがママ (COMIC 失楽天 2021年3月号) [中国翻訳] [DL版],0.2,https://nhentai.net/g/349307/,3553
[越山弱衰] 不貞 with …  [中国翻訳],0.2,https://nhentai.net/g/343076/,3529
[ひとのふんどし (ゆきよし真水)] 元ギャルママが急にできた件。II [中国翻訳] [DL版],0.2,https://nhentai.net/g/298134/,3511
(AC2) [カマボコ工房 (釜ボコ)] 性女調教 生意気な姪をワカらせて [中国翻訳],0.2,https://nhentai.net/g/345235/,3509
(C96) [エリア14 (かせい)] エルフみだれ淫ら [中国翻訳],0.2,https://nhentai.net/g/316666/,3507
[ヘリを] バージンちゃうわ！ (コミック エグゼ 16) [中国翻訳] [DL版],0.2,https://nhentai.net/g/260035/,3503
(コミティア131) [In The Sky (中乃空)] 姉を寝取った日 [中国翻訳],0.2,https://nhentai.net/g/301118/,3496
(COMIC1☆15) [ひとのふんどし (ゆきよし真水)] 隣のJKに脅されて入り浸られてます(泣 [中国翻訳],0.2,https://nhentai.net/g/271148/,3486
[ちゅーりっふ。] 白いお手紙 (ねぇ、シコってよ。) [中国翻訳] [DL版],0.2,https://nhentai.net/g/292108/,3471
[はりぽてと] 寝取られ人妻-堕ちてゆく感覚- [中国翻訳],0.2,https://nhentai.net/g/276683/,3460
[月蜥蜴] 黒獣2 ～淫欲に染まる背徳の都、再び～ THE COMIC 2話 (敗北乙女エクスタシー Vol.21) [中国翻訳] [DL版],0.2,https://nhentai.net/g/291850/,3453
[半里バード] ナマイキお嬢～璃璃編～ (COMIC快楽天ビースト 2020年7月号) [中国翻訳] [DL版],0.2,https://nhentai.net/g/319978/,3410
[青水庵 (桂井よしあき)] 陰キャ美少女は、担任に犯されてもイキまくる [中国翻訳],0.2,https://nhentai.net/g/352097/,3351
[clone人間] 磔 [中国翻訳],0.2,https://nhentai.net/g/289932/,3344
(C93) [ドレポール (レオパルド)] ディザスターシスターズ レオパル本25 (ワンパンマン) [中国翻訳],0.2,https://nhentai.net/g/256739/,3331
[ぴょん吉] 恋しやコンコン (COMlC 快楽天ビースト 2017年5月号) [中国翻訳],0.2,https://nhentai.net/g/195103/,3324
[愛上陸] ふぁみこん 第1話 (コミック エグゼ 29) [中国翻訳] [DL版],0.2,https://nhentai.net/g/350879/,3324
[みくろぺえじ (黒本君)] JC痴漢で性教育2 [中国翻訳] [DL版],0.2,https://nhentai.net/g/255906/,3302
[ひぐま屋 (野良ヒグマ)] お義母さんで精通しちゃった亮太くん [中國翻訳],0.2,https://nhentai.net/g/315011/,3299
[はりぽてと] ヤンママおばさんの魅惑の躰-ボクが人妻セックスにハマった理由- [中国翻訳],0.2,https://nhentai.net/g/276681/,3272
[日月ネコ] 種付けザ·ワールド (コミックグレープ Vol.67) [中国翻訳] [無修正] [DL版],0.2,https://nhentai.net/g/316281/,3267
[sage・ジョー] オタｘギャル (COMIC アンスリウム 2018年6月号) [中国翻訳] [DL版],0.2,https://nhentai.net/g/246319/,3261
[逆又練物] ヒプノブリンク 1 (コミック Mate legend Vol.26 2019年4月号) [中国翻訳] [DL版],0.2,https://nhentai.net/g/288968/,3228
[ごさいじ] 卒業reward~fin~ (COMIC 快楽天 2021年3月号) [中国翻訳] [DL版],0.2,https://nhentai.net/g/346003/,3215
(COMIC1☆13) [異常能力研究開発機構 (よろず)] 異能者少女欠損合同 + 会場限定おまけ本 [中国翻訳],0.2,https://nhentai.net/g/234580/,3207
[ヤマグチ] 黒ギャルはオタクに優しい (コミックホットミルク 2019年11月号) [中国翻訳] [DL版],0.2,https://nhentai.net/g/288019/,3165
[にゅう工房 (にゅう)] スーパーチートミッション [中国翻訳] [DL版],0.2,https://nhentai.net/g/295428/,3136
[りーりおがーと (かえぬこ)] 即ハメできちゃうJKミヤちゃんの一日 [中国翻訳] [DL版],0.2,https://nhentai.net/g/302317/,3092
[山紺屋] 俺の家に入り浸るギャルビッチとハメまくる♥ [中国翻訳],0.2,https://nhentai.net/g/294310/,3060
[水平線] サセ男の瀬尾くん (コミック エグゼ 08) [中国翻訳] [DL版],0.2,https://nhentai.net/g/221015/,3041
[ネコかブリ (黒ノ樹)] GRAN 乳 FANTASY マギサ編 (グランブルーファンタジー) [中国翻訳] [DL版],0.2,https://nhentai.net/g/323180/,3038
(C96) [きのこのみ (konomi)] ギャルゆいなちゃんとえっち -片思いの彼女がボクに赤面!?- [中国翻訳],0.2,https://nhentai.net/g/283943/,3034
[ガー] 体育倉庫の××× (COMIC 快楽天ビースト 2020年2月号) [中國翻訳] [DL版],0.2,https://nhentai.net/g/313365/,3015
[みちきんぐ] 姉体驗週間1-5[DL版]+[ANE-TAKEN_SP]【无毒汉化组】+【童貞未泯漢化】+【想抱雷妈汉化组x先让我缓缓这次就不乱取名了汉化组】,0.2,https://nhentai.net/g/169368/,2990
[もじゃりん] 断れない系 + 4Pリーフレット [中国翻訳],0.2,https://nhentai.net/g/323213/,2681
[七転八起 (kinntarou)] 知らないお姉さんに挟まれてぴゅっぴゅっ [中国翻訳] [DL版],0.2,https://nhentai.net/g/346363/,2666
[みくろぺえじ (黒本君)] JC痴漢で性教育2 [中国翻訳] [DL版],0.2,https://nhentai.net/g/255749/,2439
[40010試作型] BLACK² TRAIN (COMIC 快楽天 2017年5月号) [中国翻訳] [DL版],0.2,https://nhentai.net/g/191644/,2251
[東雲龍] ムカつく女上司の体を乗っ取ってみた! (コミックゼロス #81) [中国翻訳] [DL版],0.2,https://nhentai.net/g/291795/,2239
(C94) [Vパン'sエクスタシー (左藤空気)] Rozen Labia (アイドルマスター シンデレラガールズ) [中国翻訳],0.2,https://nhentai.net/g/242889/,2208
[にーきゅー (る～く)] 魔法少女陥落-雪宮澪の場合- [中国翻訳],0.2,https://nhentai.net/g/342723/,2103
[もじゃりん] 撫子さんはNO!って言えない -痴漢編- (WEEKLY快楽天Vol.1) [中国翻訳],0.2,https://nhentai.net/g/304818/,2020
[シン・普禅] 精通快速!トレイン (ドスケベお姉さん精通日記) [中国翻訳],0.2,https://nhentai.net/g/298717/,1980
[もじゃりん] 断れない系 + 4Pリーフレット [中国翻訳],0.2,https://nhentai.net/g/323054/,1966
[shakestyle (ShAKe)] Re:Temptation1 [中国翻訳] [DL版],0.2,https://nhentai.net/g/287299/,1891
[boseの同人漫画研究所 (bose)] わらべ喰い ～森の奥で美女妖怪に誘惑されて～ [中国翻訳],0.2,https://nhentai.net/g/301952/,1817
[EROQUIS! (ブッチャーU)] GAME OVERS (バイオハザード) [DL版] [中国翻訳],0.2,https://nhentai.net/g/251659/,1816
(COMIC1☆15) [Sugar*Berry*Syrup (クロエ)] 恥辱の痴漢電車4～彼氏にせがまれ痴漢電車に乗った少女～ [中国翻訳],0.2,https://nhentai.net/g/321096/,1709
[てぃらみすたると (一弘)] 雌オーガは馬ちんぽを貪り犯す [中国翻訳] [DL版],0.2,https://nhentai.net/g/339819/,1706
[山田ゴゴゴ] エローナ オークの淫紋に侵された女騎士の末路 最終話 (敗北乙女エクスタシー Vol.13) [中国翻訳] [DL版],0.2,https://nhentai.net/g/256444/,1702
[アンソロジー] 二次元コミックマガジン 性転換した俺が痴漢されてメスイキ絶頂! Vol.2 [中国翻訳] [DL版],0.2,https://nhentai.net/g/332099/,1657
[もじゃりん] 撫子さんはNO!って言えない 第1話 (WEEKLY快楽天 Vol.1) [中国翻訳],0.2,https://nhentai.net/g/302009/,1651
[森島コン] オシアイ×トレイン？ (COMIC 高 2017年5月号) [中国翻訳] [DL版],0.2,https://nhentai.net/g/197288/,1618
[Maniac Street (すがいし)] 欲望スカーレット [中国翻訳] [DL版],0.2,https://nhentai.net/g/235315/,1544
(C93) [斬鬼楼 (おにぎりくん)] PILE EDGE BOOGIE BACK (ドラゴンクエストXI) [中国翻訳],0.2,https://nhentai.net/g/222154/,1543
(C94) [Steel Mayonnaise (ひぐちいさみ)] 肉巫女の宴 伍 ～禍堕ちの邪贄～  [中国翻訳],0.2,https://nhentai.net/g/315039/,1533
[水平線] 女剣士の淫乱堕落記 (別冊コミックアンリアル 淫紋の魔力で美少女たちが悪堕ち・快楽堕ち! Vol.4) [中国翻訳] [DL版],0.2,https://nhentai.net/g/218600/,1519
(COMIC1☆10) [40010壱号 (40010試作型)] CHOYGEDO! (この素晴らしい世界に祝福を!) [中国翻訳],0.2,https://nhentai.net/g/165529/,1515
[ワス] 牝堕ち姫君 [中国翻訳],0.2,https://nhentai.net/g/266595/,1500
(COMIC1☆13) [C.N.P (clone人間)] Mの部屋 (ボールルームへようこそ) [中国翻訳],0.2,https://nhentai.net/g/280622/,1466
(C91) [雷神会 (はるきゲにあ)] たわわの感触 (月曜日のたわわ) [中国翻訳],0.2,https://nhentai.net/g/182989/,1462
[JACK-POT (じゅら)] 魔物の女 (ドラゴンクエストXI) [中国翻訳] [DL版],0.2,https://nhentai.net/g/223788/,1402
(C92) [羊小屋 (橘由宇)] 堕女神 ～奪われたシェア～ (超次元ゲイム ネプテューヌ) [中国翻訳],0.2,https://nhentai.net/g/211114/,1354
[五十嵐唱乃] ○○○好きな僕の嫁が女教師な件 [中国翻訳],0.2,https://nhentai.net/g/231393/,1329
[アンソロジー] 二次元コミックマガジン TS悪堕ち 女体化した正義漢たちが悪転アクメ! Vol.1 [中国翻訳] [DL版],0.2,https://nhentai.net/g/277560/,1325
[blue lung] 女装少年は好奇心に抗えない!〜はじめての密着痴漢セックス〜 [中国翻訳],0.2,https://nhentai.net/g/349980/,1301
[小梅けいと] スクールラブ.ネット－12、13,0.2,https://nhentai.net/g/314856/,1297
[青豆腐 (ねろましん)] ミナソコ (艦隊これくしょん -艦これ-) [中国翻訳] [DL版],0.2,https://nhentai.net/g/337457/,1296
[あんこまん] スカサハ師匠、逆バニー姿でクソガキに奉仕する (Fate/Grand Order) [中国翻訳],0.2,https://nhentai.net/g/315851/,1294
[アンソロジー] 二次元コミックマガジン TS悪堕ち 女体化した正義漢たちが悪転アクメ! Vol.1 [中国翻訳] [DL版],0.2,https://nhentai.net/g/277031/,1271
[エクセシオ] 敗戦国の女達は皆、男達に絶対服従のシモベと成り下がる～女騎士の墜ちる時 [中国翻訳],0.2,https://nhentai.net/g/311708/,1245
(C91) [塩ちょこ (ナハ78)] 鹿島深海に堕つ (艦隊これくしょん -艦これ-) [中国翻訳],0.2,https://nhentai.net/g/254569/,1230
(C93) [弾丸ハニィ (オノメシン)] 爆乳タイフーン (ドラゴンクエストXI) [中国翻訳],0.2,https://nhentai.net/g/266467/,1172
(C93) [Clochette (咲良ゆき)] 深海電脳楽土 E･RA･BB 其の弐 (Fate/Grand Order) [中国翻訳],0.2,https://nhentai.net/g/324441/,1163
[いざなぎ (ちもさく)] 堕落天 [中国翻訳] [DL版],0.2,https://nhentai.net/g/243919/,1124
(C93) [Clochette (咲良ゆき)] 深海電脳楽土 E･RA･BB 其の弐 (Fate/Grand Order) [中国翻訳],0.2,https://nhentai.net/g/324922/,1111
"[白ぅ～凪, 黒井弘騎] 聖天使ユミエル カオティックロンド [中国翻訳]",0.2,https://nhentai.net/g/353946/,1101
[pinkjoe] Q.E:R.M クイーン・エリザベスロイヤルメンテナンス (アズールレーン) [DL版] [中国翻訳],0.2,https://nhentai.net/g/258399/,1100
[成海優] 堕落のテンプテーション 第1-4話 [中国翻訳] [DL版],0.2,https://nhentai.net/g/301848/,1088
[haidara] ふたなりち○ぽに触手産卵 [中国翻訳],0.2,https://nhentai.net/g/311151/,1066
[エレクトさわる] 神曲のグリモワールIII －PANDRA saga 2nd story－ [中国翻訳],0.2,https://nhentai.net/g/202036/,1058
(C97) [涙穴庵 (涙目)] 衛宮家不貞肛交領域 四 ～間桐桜の場合～ (Fate/stay night) [中国翻訳],0.2,https://nhentai.net/g/304964/,1049
[けもみみ駅] 感情が薄いからなんでも言うこと聞いてくれる幼なじみ 2 [中国翻訳],0.2,https://nhentai.net/g/326015/,810
[のり伍郎] 今泉ん家はどうやらギャルの溜まり場になってるらしい 1~2 [中國語] [無修正] [DL版],0.1,https://nhentai.net/g/319263/,13133
[八樹ひより] ドはまり!鰐久地さん♡ (COMIC 快楽天 2021年3月号) [中国翻訳] [DL版],0.1,https://nhentai.net/g/346867/,10641
[百々ふぐり (しんどう)] 鬼の母娘はヒトのオスと子づくりがしたい 総集編 [中国語] [無修正] [DL版],0.1,https://nhentai.net/g/347493/,10211
[みちきんぐ] 主従えくすたしー +とらのあなリーフレット+メロンブックスリーフレット [中国翻訳],0.1,https://nhentai.net/g/177392/,10151
[ひょころー] おとめぼれ [中国翻訳] [無修正],0.1,https://nhentai.net/g/327223/,9799
[あるぷ] 闇憑村 第三夜 (COMIC アンスリウム 2019年10月号) [中国翻訳] [DL版],0.1,https://nhentai.net/g/286944/,6928
(C94) [少女騎士団 (大槍葦人)] MAID SHIP COMPLEX 9人の嫁メイド艦と日替わりセックス♥する本 (アズールレーン) [中国翻訳],0.1,https://nhentai.net/g/245222/,6926
[関西漁業協同組合 (丸新)] 高身長バレー部の清楚系彼女が先輩のモノになってしまう一部始終 [中国翻訳] [DL版],0.1,https://nhentai.net/g/343700/,6889
[ひぐま屋 (野良ヒグマ)] プールで出会ったおねえさんとエッチな関係になっちゃうお話 [中国翻訳],0.1,https://nhentai.net/g/221367/,6431
[usa] 45分で彼を届けて (COMIC BAVEL 2020年12月号) [中国翻訳] [DL版],0.1,https://nhentai.net/g/348138/,6374
[森島コン] おしおきっ! (COMIC 高 2018年11月号) [中国翻訳] [DL版],0.1,https://nhentai.net/g/252362/,6276
[あきのそら] すりぃぷらぁにんぐ -後編- (コミックゼロス #80) [中国翻訳] [DL版],0.1,https://nhentai.net/g/288992/,6264
[みちきんぐ] ビッチスランプ安里さん (COMIC 快楽天 2020年1月号) [中国翻訳] [DL版],0.1,https://nhentai.net/g/292285/,6136
[Digital Lover (なかじまゆか)] 人妻幼馴染とひと夏のできごと DLO-07 [中国翻訳] [DL版],0.1,https://nhentai.net/g/297837/,6048
[青水庵 (桂井よしあき)] 陰キャ美少女は担任に犯されてもイキまくる2 [中国翻訳] [DL版],0.1,https://nhentai.net/g/288140/,6047
[舞原マツゲ] 100秒後にセックスする義姉 (COMIC ペンギンクラブ山賊版 2020年7月号) [中国翻訳] [DL版],0.1,https://nhentai.net/g/321002/,5992
[あおむし] 暴君系女子 (COMIC BAVEL 2019年3月号) [中国翻訳] [DL版],0.1,https://nhentai.net/g/306040/,5887
[さいもん] Little My Maid 第1-2話 [中国翻訳] [DL版],0.1,https://nhentai.net/g/269908/,5860
[メガねぃ] 思春期のお勉強 [中国翻訳],0.1,https://nhentai.net/g/335317/,5824
[あきのそら] すりぃぷらぁにんぐ -前編- (コミックゼロス #79) [中国翻訳] [DL版],0.1,https://nhentai.net/g/288991/,5729
[愛国者 (アゴビッチ姉さん)] 制服美少女 B(V)ITCH HAPPENING [中国翻訳],0.1,https://nhentai.net/g/275001/,5707
[ぎんハハ] 学生会書記に特訓したい -四十八手バトルの正常位教えて~コーチ- (かぐや様は告らせたい) [中国語],0.1,https://nhentai.net/g/264922/,5683
[赤月みゅうと] 異世界ハーレムパラダイス♡ 上 [中国翻訳],0.1,https://nhentai.net/g/326432/,5642
[赤月みゅうと] 異世界ハーレムパラダイス♡ 下 [中国翻訳],0.1,https://nhentai.net/g/326433/,5527
[にぎりうさぎ] 船◯ [中国翻訳],0.1,https://nhentai.net/g/334509/,5499
(C97) [壞茸社 (Chicke III、4why)] 二分の誘動 (五等分の花嫁) [中国翻訳],0.1,https://nhentai.net/g/331966/,5494
[八尋ぽち] セフレちゃん (COMIC快楽天 2019年11月号) [中国翻訳] [DL版],0.1,https://nhentai.net/g/291644/,5464
[昼寝] 帰ってきたゆうくん♂ (COMIC 快楽天 2019年11月号) [中国翻訳] [DL版],0.1,https://nhentai.net/g/289076/,5265
[いつつせ] さかさまおかずん [中国翻訳],0.1,https://nhentai.net/g/293581/,5237
[背徳漢] さいみんクエスト (コミックゼロス #84) [中国翻訳] [DL版],0.1,https://nhentai.net/g/315644/,5237
[にぎりうさぎ] シスターが外に仕事に行く話 [中国翻訳],0.1,https://nhentai.net/g/331292/,5230
(C93) [OrangeMaru (YD)] はさみうち (アイドルマスター シンデレラガールズ) [中国翻訳],0.1,https://nhentai.net/g/219249/,5197
[南方ヒトガクシキ (仲村レグラ)] 同穴の貉 [中国翻訳] [DL版],0.1,https://nhentai.net/g/280582/,5146
(FF33) [熊掌社 (魚生、俺正讀)] 迦勒底狂熱．鬼&魔 (Fate/Grand Order) [中国語],0.1,https://nhentai.net/g/265968/,5144
[ひぐま屋 (野良ヒグマ)] プールで出会ったおねえさんとエッチな関係になっちゃうお話 [中国翻訳],0.1,https://nhentai.net/g/262420/,5142
[すみやお] キョンシーメイフェイ (永遠娘 6) [中国翻訳],0.1,https://nhentai.net/g/269007/,5113
(C95) [OVing (おぶい)] ゴブリンロードが勝った日 + おまけ本 (ゴブリンスレイヤー)  [中国翻訳],0.1,https://nhentai.net/g/259454/,5099
[ぷよちゃ] おなほびっち [中国翻訳],0.1,https://nhentai.net/g/294763/,5069
[玉之けだま] 僕は小さな淫魔のしもべ [中国翻訳] [無修正],0.1,https://nhentai.net/g/304632/,5066
(C94) [ぽち小屋。 (ぽち。)] 姉なるもの 7 (姉なるもの) [中国翻訳],0.1,https://nhentai.net/g/242408/,5064
[西沢みずき] あかるい家族性活 僕·和馬編 第2話 (WEEKLY 快楽天 Vol.29) [中国翻訳],0.1,https://nhentai.net/g/300517/,5030
[栗原ケンシロウ] 不機嫌な彼女 (コミック エグゼ 21) [中国翻訳] [DL版],0.1,https://nhentai.net/g/288910/,5027
[背徳漢] さいみんクエスト#03 (コミックゼロス #86) [中国翻訳] [DL版],0.1,https://nhentai.net/g/328380/,5015
[にのこや (にの子)] エルフに淫紋を付ける本 LEVEL:1 [中国翻訳] [DL版],0.1,https://nhentai.net/g/311972/,4979
(C93) [妄想コロッセオ (織田non)] 人妻づくし [中国翻訳],0.1,https://nhentai.net/g/222360/,4978
(C92) [乱視と君と。 (santa)] 魔法少女催眠パコパコーズ (Fate/Grand Order) [中国翻訳],0.1,https://nhentai.net/g/206612/,4940
(C91) [Current Storage (ぴょん吉)] 壁嵌メ凜ちゃん危機一髪!! (ばくおん!!) [中国翻訳],0.1,https://nhentai.net/g/196359/,4937
[mogg] 裸の学校 (COMIC 快楽天 2020年9月号) [中国翻訳] [DL版],0.1,https://nhentai.net/g/323527/,4900
[山本善々] なんとなく結婚した私の浮気 (限界性欲〜我慢できない人妻たち〜) [中国翻訳] [DL版],0.1,https://nhentai.net/g/271158/,4882
[宮部キウイ] 舐めたいんだもん！ (コミックホットミルク 2020年11月号) [中国翻訳] [DL版],0.1,https://nhentai.net/g/332000/,4855
(FF33) [熊掌社 (魚生、俺正讀)] 迦勒底狂熱．黑&白 (Fate/Grand Order) [中国語],0.1,https://nhentai.net/g/265969/,4855
(COMIC1☆13) [リンゴヤ (あるぷ)] 神絵師ぬらぬら (Fate/Grand Order) [中国翻訳],0.1,https://nhentai.net/g/231735/,4834
[けんじゃたいむ (MANA)] ジェントルコネクト!Re:Dive 2 「Karakuchi」 (プリンセスコネクト!Re:Dive) [中国翻訳],0.1,https://nhentai.net/g/313038/,4814
[ななお] Faithless Wife～case:Fumino#2～ (COMIC 失楽天 2019年12月号) [中国翻訳] [DL版],0.1,https://nhentai.net/g/293326/,4813
[しまぱん (立花オミナ)] お姉ちゃんとのラブラブ生活～初体験はハーレムで～ [中国翻訳],0.1,https://nhentai.net/g/338967/,4806
[はたけのお肉 (みな本)] 妻に黙って即売会に行くんじゃなかった1 [中国翻訳] [DL版],0.1,https://nhentai.net/g/256924/,4771
[逆又練物] ぜんぶギャルな姉ちゃんのせい (コミック刺激的SQUIRT!! Vol.19) [中国翻訳] [DL版],0.1,https://nhentai.net/g/333244/,4749
(C97) [ピアニッシモ (ピジャ)] ずっと信じてる [中国翻訳],0.1,https://nhentai.net/g/295472/,4736
[NOSEBLEED (宮元一佐)] はーとまーく多め。2 [中国翻訳] [DL版],0.1,https://nhentai.net/g/293111/,4728
[Crimson CROWN (今ゾン)] 弟の恋人が昔調教した元カノだった～その後～ [中国翻訳],0.1,https://nhentai.net/g/249986/,4688
[八尋ぽち] 君のご褒美が欲しくて (COMIC 快楽天 2020年8月号) [中国翻訳] [DL版],0.1,https://nhentai.net/g/322142/,4686
(C95) [真珠貝 (武田弘光)] 茜ハ摘マレ 染メラレル 弐 [中国翻訳],0.1,https://nhentai.net/g/257874/,4684
[きょくちょ] らぶりーあいなちゃん❤❤ (COMIC BAVEL 2020年2月号) [中国翻訳] [DL版],0.1,https://nhentai.net/g/304167/,4683
[メメ50] にくひつ~先生の服従レッスン~ [中国翻訳],0.1,https://nhentai.net/g/210268/,4649
[黒ノ樹] 高嶺家の二輪花 ~iris~ (コミック エグゼ 25) [中国翻訳] [DL版],0.1,https://nhentai.net/g/323652/,4614
[へんりいだ] おんなのこぱーてぃ。 [中国翻訳],0.1,https://nhentai.net/g/235216/,4613
[スルメニウム (谷口大介)] 修学旅行×王様ゲーム [中国翻訳],0.1,https://nhentai.net/g/294344/,4607
[生き恥ハミングバード (天野どん)] 風紀委員とフーゾク活動 [中国翻訳],0.1,https://nhentai.net/g/330945/,4578
(C94) [OrangeMaru (YD)] 夜王 (Fate/Grand Order) [中国翻訳],0.1,https://nhentai.net/g/243378/,4571
[オトナテイコク (YAC)] 近所に引っ越してきた無防備・無抵抗巨乳美少女すみれちゃんにヤリたい放題な夏 [中国翻訳],0.1,https://nhentai.net/g/307028/,4566
(FF36) [に向思考 (猫崎葵)] めぐみんに華麗な射精を!6 (この素晴らしい世界に祝福を!) [中国語],0.1,https://nhentai.net/g/335522/,4554
(COMIC1☆11) [羊小屋 (橘由宇)] この素晴らしいパーティーにも祝福を (この素晴らしい世界に祝福を!) [中国翻訳],0.1,https://nhentai.net/g/240823/,4542
[俵緋龍] 淫乱人妻の性処理♥サポート (コミックグレープ Vol.45) [中国翻訳],0.1,https://nhentai.net/g/233777/,4521
[凸凹ハリケーン (あんざゆう)] 異世界召甘 エルフなお姉さんは好きですか？ [中国翻訳] [DL版],0.1,https://nhentai.net/g/285601/,4515
[森島コン] 反抗期ヌキのススメ♡  Part2 (COMIC アオハ 2019 秋) [中国翻訳] [DL版],0.1,https://nhentai.net/g/293113/,4513
[DA HOOTCH (新堂エル)] Mildred (Dark Souls) [中国翻訳] [無修正] [DL版],0.1,https://nhentai.net/g/217477/,4505
[こっぺ] Smashing! (COMIC快楽天ビースト 2018年7月号) [中国翻訳] [DL版],0.1,https://nhentai.net/g/304298/,4496
(C96) [ぺたパン (あきのそら)] 異世界来たので魔法をスケベな事に利用しようと思うIII [中国翻訳],0.1,https://nhentai.net/g/281003/,4489
[メガねぃ] 思春期セックス [中国翻訳],0.1,https://nhentai.net/g/259627/,4484
(C96) [乱視と君と。 (santa)] 魔法少女催眠パコパコーズGAME OVER (Fate/Grand Order、Fate/kaleid liner プリズマ☆イリヤ) [中国翻訳],0.1,https://nhentai.net/g/281167/,4474
[南方ヒトガクシキ (仲村レグラ)] 郭公の巣 [中国翻訳] [DL版],0.1,https://nhentai.net/g/295332/,4472
[AMAM (雨あられ)] 図書室ノ彼女3～清楚ナ君ガ堕チルマデ～ [中国翻訳] [DL版],0.1,https://nhentai.net/g/324302/,4471
[In The Sky (中乃空)] シスアナ2 [中国翻訳] [DL版],0.1,https://nhentai.net/g/283893/,4471
[やまなし娘。 (ちゅーりっふ。、shituzhi、たかお)] 彼女が不在の間、彼女の親友と四六時中、中出ししました。 [中国翻訳],0.1,https://nhentai.net/g/330119/,4465
[きょくちょ] 無口な彼女 (らぶりー♡) [中国翻訳] [DL版],0.1,https://nhentai.net/g/268547/,4465
[ブッパスタジオ (暗ノ吽)] 絶対両想いアプリ ～あの子の心も身体も、勝手に俺のモノ～ [中国翻訳],0.1,https://nhentai.net/g/315272/,4458
[夏桜] おねえさまの虜～Step up Step sister～ (COMIC 快楽天ビースト 2019年6月号) [中国翻訳] [DL版],0.1,https://nhentai.net/g/273602/,4452
[しまぱん (立花オミナ)] 異世界ハーレム物語 [中国翻訳] [DL版],0.1,https://nhentai.net/g/228425/,4451
[変熊] 掌の上で私と… (コミックゼロス #89) [中国翻訳] [DL版],0.1,https://nhentai.net/g/350482/,4449
[おー] セカンドアニバーサリー (コミック エグゼ 19) [中国翻訳] [DL版],0.1,https://nhentai.net/g/288230/,4432
[ホムンクルス] Bye-Bye Sister (COMIC快楽天 2021年2月号) [中国翻訳] [DL版],0.1,https://nhentai.net/g/341742/,4417
[柚木N'] ある日の恵梨と兄 (COMIC アオハ 2019 冬) [中国翻訳] [DL版],0.1,https://nhentai.net/g/302837/,4410
[ゆにおし] 亡国の殿下 (コミック エグゼ 21) [中国翻訳] [DL版],0.1,https://nhentai.net/g/291652/,4410
[青水庵 (ti、トイレ籠)] 痴漢した女子○生とその後、むさぼり合うようなドエロ純愛  R [中国語],0.1,https://nhentai.net/g/253199/,4404
[ヨッコラ] 享楽アイランド (コミック エグゼ 11) [中国翻訳] [DL版],0.1,https://nhentai.net/g/288611/,4403
[ぎんハハ] 五等分のエロス (五等分の花嫁) [中国語],0.1,https://nhentai.net/g/262410/,4389
[ジュースボックス工場 (ジュナジュナジュース)] ムカつく妹はちゃんと叱らなくちゃ!! [中国翻訳],0.1,https://nhentai.net/g/308313/,4374
(C96) [駄菓子屋 (和菓子)] とらドラ!のエロ本 (とらドラ!) [中国翻訳],0.1,https://nhentai.net/g/286831/,4370
[黒筆ANnA] ブリーディング (COMIC BAVEL 2020年07月号) [中国翻訳] [DL版],0.1,https://nhentai.net/g/316106/,4350
[ねこはまんまがうつくしい (Hisasi)] かぐや様の縁結び (かぐや様は告らせたい) [中国翻訳],0.1,https://nhentai.net/g/336757/,4330
[きょくちょ] 楓と鈴 (COMIC BAVEL 2018年4月号) [中国翻訳] [DL版],0.1,https://nhentai.net/g/248265/,4322
(C95) [ヌルネバーランド (ナビエ遥か2T)] デリ☆サキュ!! vol.3.0 ～サキュバスのハーレムに逆デリバリーされて搾り尽くされたレポ～ [中国翻訳],0.1,https://nhentai.net/g/274560/,4305
[DOLL PLAY (黒巣ガタリ)] 聖華女学院高等部公認竿おじさん2 [中国翻訳] [DL版],0.1,https://nhentai.net/g/283772/,4292
[kakao] トリプルヘブン (COMIC 快楽天ビースト 2019年7月号) [中国翻訳] [DL版],0.1,https://nhentai.net/g/275969/,4286
(C94) [TRY&方言二人社会 (方言)] オナニーだけなら大丈夫? (Fate/Grand Order) [中国翻訳],0.1,https://nhentai.net/g/244753/,4284
[歯車] ふたりあそび (COMIC アンスリウム 2020年10月号) [中国翻訳] [DL版],0.1,https://nhentai.net/g/331663/,4276
[外山じごく] MULA MOOLAH (COMIC 快楽天 2019年9月号) [中国翻訳] [DL版],0.1,https://nhentai.net/g/306035/,4266
(COMIC1☆15) [はたけのお肉 (みな本)] 妻に黙って即売会に行くんじゃなかった1.5 [中国翻訳],0.1,https://nhentai.net/g/279831/,4259
[八尋ぽち] お世話ちゃん (COMIC快楽天 2020年3月号) [中国翻訳] [DL版],0.1,https://nhentai.net/g/303570/,4258
(サンクリ2019 Spring) [DOLL PLAY (黒巣ガタリ)] アローラの夜のすがた 3 (ポケットモンスター サン・ムーン) [中国翻訳],0.1,https://nhentai.net/g/266382/,4258
[アットホーム酒家 (たくのみ)] 援助交配 1-10  [中國語] [無修正] [DL版],0.1,https://nhentai.net/g/347494/,4257
[かいづか]異世界に召喚されたら全員ドＭとか…ちょっと意味が分からない 第1話 (COMIC アンスリウム 2020年5月号) [中国翻訳] [DL版],0.1,https://nhentai.net/g/314499/,4233
[NANIMOSHINAI (笹森トモエ)] サキュバステードライフ 1-5  [中国翻訳] [無修正] [DL版],0.1,https://nhentai.net/g/347492/,4231
[オトナテイコク (YAC)] 近所に引っ越してきた無防備・無抵抗巨乳美少女すみれちゃんにヤリたい放題な夏 2 [中国翻訳],0.1,https://nhentai.net/g/303111/,4224
[サブロー] 艶肌らゔぁーず [中国翻訳],0.1,https://nhentai.net/g/252825/,4222
[In The Sky (中乃空)] シスアナ3 [中国翻訳] [DL版],0.1,https://nhentai.net/g/338684/,4217
[にゅう工房 (にゅう)] 全員ボクのオモチャ [中国翻訳] [DL版],0.1,https://nhentai.net/g/280562/,4214
(C94) [バス停シャワー (桂井よしあき)] 夏、妻の選択 [中国翻訳],0.1,https://nhentai.net/g/242320/,4202
(COMIC1☆15) [リンゴヤ (あるぷ)] 小原の休日 (ラブライブ! サンシャイン!!) [中国翻訳],0.1,https://nhentai.net/g/270990/,4201
[サイクロン (和泉、冷泉)] 彼とわたしと店長の深夜勤務2 [中国翻訳],0.1,https://nhentai.net/g/254344/,4190
[きょくちょ] らぶみー♡ ＋ 特別版 [中国翻訳],0.1,https://nhentai.net/g/331125/,4189
[みちきんぐ] 姉体験女学寮 2 (COMIC クアンスリウム 2017年8月号) [中国翻訳] [DL版],0.1,https://nhentai.net/g/209667/,4177
[いつつせ] ばっびゅ～ばびゅばびゅ + 全特典 [中国翻訳],0.1,https://nhentai.net/g/266981/,4165
[復八磨直兎] 催眠天国 第1話 (COMIC BAVEL 2020年6月号) [中国翻訳] [DL版],0.1,https://nhentai.net/g/311727/,4157
(秋葉原超同人祭) [milkberry (如月みゆ)] 種付けおじさんと被虐JC凌辱二穴責め調教 [中国翻訳] [無修正],0.1,https://nhentai.net/g/334904/,4130
[ジャックとニコルソン (のりパチ)] ブレンドS授乳部。 + おまけ本 (ブレンド・S、ゲゲゲの鬼太郎) [中国翻訳] [DL版],0.1,https://nhentai.net/g/251294/,4113
(C97) [りとるほっぱー (橋広こう)] あいかと叔父さん～花嫁修行睡眠姦～02 [中国翻訳],0.1,https://nhentai.net/g/322053/,4113
[しまぱん (立花オミナ)] 異世界ハーレム物語 4~4.5 [中国翻訳] [DL版],0.1,https://nhentai.net/g/282594/,4112
[餅犬製作所 (浅貝もっちぬ)] 不感少女がおじさんに負けた日 [中国翻訳] [DL版],0.1,https://nhentai.net/g/265116/,4092
(COMIC1☆17) [第6基地 (キチロク)] 推シツケ 2nd Live 「ユレロ!スクールステージ!」 [中国翻訳],0.1,https://nhentai.net/g/334277/,4083
[雨あられ] スワッピングパーティー！？ (コミック エグゼ 20) [DL版] [中国翻訳],0.1,https://nhentai.net/g/282410/,4078
[ベコ太郎] 処女と彼女とネトラレと (COMIC 快楽天ビースト 2021年4月号) [中国翻訳] [DL版],0.1,https://nhentai.net/g/351238/,4044
[AMAM (雨あられ)] 図書室ノ彼女4 [中国翻訳],0.1,https://nhentai.net/g/351820/,4032
[STUDIOふあん (来鈍)] 飯犯トラベラーズ 博多集団レ●プ旅行 [中国翻訳],0.1,https://nhentai.net/g/293552/,4002
[大島あき] えっちなお姉さんと体力作り合宿をする話。 [中国翻訳],0.1,https://nhentai.net/g/315863/,3991
(C94) [清炭ハリケーン (清炭ハリケーン)] ONE-HURRICANE 7 (ワンパンマン) [中国翻訳],0.1,https://nhentai.net/g/251040/,3973
[ふずめ] 妻が乱れた姿を僕は知らない [中国翻訳],0.1,https://nhentai.net/g/348156/,3955
[伊藤エイト] 伯父の妻 (COMIC アンスリウム 2020年2月号) [中国翻訳] [DL版],0.1,https://nhentai.net/g/298739/,3944
[放課後居残り組 (仁志田メガネ)] カノママが淫らすぎる [中国翻訳] [DL版],0.1,https://nhentai.net/g/285700/,3938
[H.B.A (うさぎなごむ)] 黄昏の娼エルフ4 [中国翻訳] [DL版],0.1,https://nhentai.net/g/259051/,3925
[Digital Lover (なかじまゆか)] 人妻幼馴染とひと夏のできごと2 DLO-10 [中国翻訳] [DL版],0.1,https://nhentai.net/g/298607/,3918
[なしぱすた] だらしなく堕ちるお姉さんは好きですか? (コミック エグゼ 24) [中国翻訳] [DL版],0.1,https://nhentai.net/g/310226/,3900
[もすきーと音。 (ぐれーともす)] 清楚彼女、堕ちる。Ⅱ [中国翻訳] [DL版],0.1,https://nhentai.net/g/343295/,3883
[師走の翁] Please!Freeze!Please! [中国翻訳],0.1,https://nhentai.net/g/339558/,3866
[三崎 (むねしろ)] 金髪妻のオトモダチ [中国翻訳],0.1,https://nhentai.net/g/346811/,3843
[yogurt (ビフィダス)] 眠姦合宿 陸上女子･仁木みのりと人目を盗んで… [中国翻訳] [DL版],0.1,https://nhentai.net/g/289487/,3838
[なしぱすた] だらしなく堕ちるお姉さんは好きですか? (コミック エグゼ 24) [中国翻訳] [DL版],0.1,https://nhentai.net/g/310653/,3829
[ボトルシップボトラー (夏桜)] 陰キャカップルが陽ギャル達とSEXトレーニングする話 [中国翻訳],0.1,https://nhentai.net/g/341833/,3824
[さーくるスパイス] 怒りんぼママの甘やかしセックスで不良息子が更生した話 [中国翻訳],0.1,https://nhentai.net/g/273406/,3806
(C97) [50ON! (愛上陸)] 催眠性指導 小幡夏美の場合 [中国翻訳],0.1,https://nhentai.net/g/295991/,3798
[チキン] BugってYummy! (COMIC アンスリウム 2020年10月号) [中国翻訳] [DL版],0.1,https://nhentai.net/g/341420/,3793
[ディビ] 甘く奏でて [中国翻訳],0.1,https://nhentai.net/g/252771/,3780
[あるぷ] 魅惑の鎖 (COMIC BAVEL 2017年5月号) [中国翻訳],0.1,https://nhentai.net/g/193635/,3780
(COMIC1☆15) [ESSENTIA、Yan-Yam (藤真拓哉、Yan-Yam)] 中野家の五分の二 (五等分の花嫁) [中国翻訳],0.1,https://nhentai.net/g/272642/,3770
(C96) [マッパなまった (マッパニナッタ)] 純愛NTR～ログインサボったら嫁が雌犬開発されてた～ (アズールレーン) [中国翻訳],0.1,https://nhentai.net/g/288460/,3768
[caburibbon (caburi)] s.s.s.MONO [中国翻訳],0.1,https://nhentai.net/g/344642/,3718
[もんぷち] 復讐するは我にあり (COMIC 失楽天 2018年1月号) [中国翻訳] [DL版],0.1,https://nhentai.net/g/221316/,3716
[さんじゅうろう] キャンパスライフ (コミックゼロス #79) [中国翻訳] [DL版],0.1,https://nhentai.net/g/278155/,3706
[テラスMC] To LOVEる -とらぶる- まとめ (To LOVEる -とらぶる-) [中国翻訳],0.1,https://nhentai.net/g/349528/,3678
[A極振り (Sian)] お泊りしたのはHなギャルお姉ちゃん達のお家でした [中国翻訳] [DL版],0.1,https://nhentai.net/g/262614/,3668
[にのこや (にの子)] エルフに淫紋を付ける本 LEVEL:2 [中国翻訳] [DL版],0.1,https://nhentai.net/g/323766/,3667
[西川康] 妹がシタい日 (コミックホットミルク 2020年4月号) [中国翻訳] [DL版],0.1,https://nhentai.net/g/306908/,3667
[まうめん] 小悪魔ageまんっ♥ (COMIC BAVEL 2017年3月号) [中国翻訳],0.1,https://nhentai.net/g/192537/,3654
[どうしょく (玉ぼん)] 俺のデカチンが爆乳ビッチギャルたちに搾精されまくるっっ!! [中国翻訳] [DL版],0.1,https://nhentai.net/g/344414/,3654
[DOZA Village (どざむら)] 寝取られ元気ママ [中国翻訳] [DL版],0.1,https://nhentai.net/g/255057/,3636
(C95) [キレイナブタ (ぶたちゃんぐ)] Support Order (Fate/Grand Order) [中国翻訳],0.1,https://nhentai.net/g/305676/,3624
[アヘ丸] カレの弟にネトラレ (ANGEL倶楽部 2019年3月号) [中国翻訳] [DL版],0.1,https://nhentai.net/g/339286/,3618
(C95) [Nameless (月の仙人丿)] 教師体験 (Fate/Grand Order) [中国翻訳] [無修正],0.1,https://nhentai.net/g/262314/,3618
[ひぐま屋 (野良ヒグマ)] おっぱいを触らせてくれる家庭教師のおねえさんの話 [中国翻訳] [DL版],0.1,https://nhentai.net/g/211923/,3606
[愛上陸] 夢見ル乙女 夕顔 ～前日譚～ (メロンブックス購入特典) [中国翻訳],0.1,https://nhentai.net/g/312466/,3561
[ピロコボ (Piro)] 駄女神様は飲み過ぎにご注意を! (この素晴らしい世界に祝福を!) [中国翻訳] [DL版],0.1,https://nhentai.net/g/223044/,3548
[EROTOMANIA (Nanae)] えっちなギャルJKとヤっちゃうやつ。 [中国翻訳] [DL版],0.1,https://nhentai.net/g/236556/,3542
[栗原ケンシロウ] 恋は甘くささやく (コミック エグゼ 27) [中国翻訳] [DL版],0.1,https://nhentai.net/g/337827/,3532
[まれお] 裏アカ乙女発情期 [中国翻訳],0.1,https://nhentai.net/g/321798/,3524
[蛹虎次郎] レスの本懐 前編 (コミックホットミルク 2020年9月号) [中国翻訳] [DL版],0.1,https://nhentai.net/g/323873/,3515
[愛上陸] なつハメ (コミックゼロス #48) [中国翻訳] [DL版],0.1,https://nhentai.net/g/180765/,3509
[西川康] 友達の母は僕のモノ [中国翻訳],0.1,https://nhentai.net/g/290201/,3507
(C96) [ありすの宝箱 (水龍敬)] 格闘娘ヤリモク合コン (キング・オブ・ファイターズ、ストリートファイター) [中国翻訳],0.1,https://nhentai.net/g/283506/,3503
[ぬんぬ] お嬢様≠デリバリー (COMIC BAVEL 2020年9月号) [中国翻訳] [DL版],0.1,https://nhentai.net/g/322670/,3489
[ゆにおし] ティーチ&デストロイ [中国翻訳],0.1,https://nhentai.net/g/298036/,3483
[ゲルピン (水無月十三)] 息子の同級生は私のセフレ♥ [中国翻訳] [DL版],0.1,https://nhentai.net/g/284514/,3478
[夢ねこ屋 (むーにゃん)] 黒ギャル人妻と夏休み [中国翻訳] [DL版],0.1,https://nhentai.net/g/282715/,3465
[赤兎 (復八磨直兎)] 俺 異世界で魔法使いになる4 [中国翻訳] [DL版],0.1,https://nhentai.net/g/346802/,3461
[DATE] 同居する粘液 [中国翻訳] [DL版],0.1,https://nhentai.net/g/325737/,3446
[さんじゅうろう] Remind (コミックゼロス #81) [中国翻訳] [DL版],0.1,https://nhentai.net/g/291497/,3441
(C92) [OrangeMaru (YD)] 信号無視 (アイドルマスター シンデレラガールズ) [中国翻訳],0.1,https://nhentai.net/g/204854/,3381
[いづれ] 内緒のままで… (コミックゼロス #86) [中国翻訳] [DL版],0.1,https://nhentai.net/g/331623/,3381
[うしのみや] ちょろいよ!ゆるふわエルフちゃん (コミックアンリアル 2019年2月号 Vol.77) [中国翻訳] [DL版],0.1,https://nhentai.net/g/333008/,3377
(幻想の樹海VIII) [風のごとく! (風吹ぽに)] はじめてのせかいじゅ (世界樹の迷宮) [中国翻訳],0.1,https://nhentai.net/g/216597/,3358
[ひぐま屋 (野良ヒグマ)] 混浴温泉で年上のお姉さんにいっぱい射精させてもらう話 [中国翻訳],0.1,https://nhentai.net/g/253271/,3356
[ひぐま屋 (野良ヒグマ)] 囚われ勇者と魔王(女)とエルフ [中国翻訳],0.1,https://nhentai.net/g/185455/,3305
[だむ] 無責任に連れてって (COMIC 失楽天 2018年1月号) [中国翻訳],0.1,https://nhentai.net/g/307819/,3260
(C95) [アカペンギン (アサヒナヒカゲ)] たわわな後輩ちゃん3 (月曜日のたわわ) [中国翻訳],0.1,https://nhentai.net/g/277044/,3244
[雨山電信] 人魚の島 ～冬～ (彼女が裸を見せるとき) [中国翻訳] [DL版],0.1,https://nhentai.net/g/338631/,3145
[ぷよちゃ] Private♥Lesson (COMIC BAVEL 2018年12月号) [中国翻訳] [DL版],0.1,https://nhentai.net/g/286378/,3133
[宮元一佐] TAKEN!!!! (ガールズフォーム Vol.15) [中国翻訳] [DL版],0.1,https://nhentai.net/g/204067/,3128
[立花オミナ] アットホーム・ハーレム ふでおろシスターズ [中国翻訳],0.1,https://nhentai.net/g/192956/,3104
[ごさいじ] 同人作家はコスプレえっちの夢を見るか (COMIC アンスリウム 2020年5月号) [中国翻訳] [DL版],0.1,https://nhentai.net/g/314548/,3062
[うしのみや] 童貞と魔法のランプ (コミックアンリアル 2020年10月号 Vol.87) [中国翻訳] [DL版],0.1,https://nhentai.net/g/332421/,2987
(C97) [Naitou2 (F4U)] ドスケベ女性専用車両に僕  [中国翻訳],0.1,https://nhentai.net/g/304893/,2452
[EROQUIS! (ブッチャーU)] SOUL FERTILITY (ソウルキャリバー) [中国翻訳] [DL版],0.1,https://nhentai.net/g/312860/,2229
[煌野一人] 催眠アプリファンタジー 第1-6話 [中国翻訳],0.1,https://nhentai.net/g/285528/,2135
[尻戦車] 聖煌戦姫ジュエルルミナス 乙女ふたり堕つる時 3 (くっ殺ヒロインズVol.7) [中国翻訳] [DL版],0.1,https://nhentai.net/g/337853/,2104
[亜美寿真] あと1mmで挿入っちゃうね?雑魚寝してたら隣の女子にイジられて…【特別版】2 [中国翻訳],0.1,https://nhentai.net/g/326463/,2075
[OXIDE_Lab (OXIDEENGINE)] 異花2 -聖神官触装膨乳改造- [中国翻訳] [DL版],0.1,https://nhentai.net/g/312671/,2046
[まぐろ帝國] おねショタン [中国翻訳],0.1,https://nhentai.net/g/191434/,2013
[春日まゆ] 森のちいさな魔女の罠 (コミックアンリアル 2018年2月号 Vol.71) [中国翻訳] [DL版],0.1,https://nhentai.net/g/263808/,1968
[まゃ～吾郎] 堕チタ姫神～稲荷姫～ (二次元コミックマガジン 脳姦悪堕ち 洗脳快楽に侵された正義のヒロインVol.1) [中国翻訳] [DL版],0.1,https://nhentai.net/g/346858/,1963
[OXIDE_Lab (OXIDEENGINE)] 異花 -聖神官触手乳辱調教- [中国翻訳] [DL版],0.1,https://nhentai.net/g/283914/,1946
[でらうえあ] となりのサキュバスちゃん その3 (COMIC BAVEL 2020年3月号) [中国翻訳] [DL版],0.1,https://nhentai.net/g/315676/,1937
"[ratatatat74, Mr.skull] Ruination [中国翻訳]",0.1,https://nhentai.net/g/348283/,1817
[らくじん] ピクシーフ (コミックアンリアル 2017年10月号 Vol.69) [中国翻訳] [DL版],0.1,https://nhentai.net/g/302123/,1809
null,0.1,https://nhentai.net/g/348417/,1801
[なしぱすた] 電車のナカで (コミック エグゼ 18) [中国翻訳] [DL版],0.1,https://nhentai.net/g/276172/,1767
[日本ケモ耳推奨委員会 (よろず)] けもみみ きゅんきゅん [中国翻訳] [DL版] [進行中],0.1,https://nhentai.net/g/322005/,1739
[あやとあやり] 痴漢電車喫茶 (オトコのコHEAVEN Vol.28) [中国翻訳] [DL版],0.1,https://nhentai.net/g/177792/,1704
[る～く] 悦堕の騎士シノア (COMIC アンスリウム 2018年2月号) [中国翻訳] [DL版],0.1,https://nhentai.net/g/223726/,1702
[ソメジマ] 堕落刻印 (コミックアンリアル 2016年10月号 Vol.63) [中国翻訳] [DL版],0.1,https://nhentai.net/g/272102/,1672
(C93) [てぃらみすたると (一弘)] 淫魔吸精 [中国翻訳],0.1,https://nhentai.net/g/222598/,1662
[ナギヤマスギ (那岐山)] ルシファー痴漢電車 (モンスターストライク) [中国翻訳] [DL版],0.1,https://nhentai.net/g/330059/,1651
(C93) [焼酎MAC (ほずみけんじ)] D-mode Harem (ドラゴンクエストXI) [中国翻訳],0.1,https://nhentai.net/g/326310/,1594
(C89) [ありすの宝箱 (水龍敬)] マリア様がみてる売春8 (マリア様がみてる) [中国翻訳],0.1,https://nhentai.net/g/153778/,1593
[宏式] 欲望トレイン (COMIC BAVEL 2020年3月号) [中国翻訳] [DL版],0.1,https://nhentai.net/g/300022/,1554
[木村寧都] 黒き羊のディナーショー [中国翻訳],0.1,https://nhentai.net/g/266556/,1524
[Stapspats (翡翠石)] 囮捜査官 結月ゆかり～潜入満員痴漢車両～ (VOICEROID) [中国翻訳] [DL版],0.1,https://nhentai.net/g/327490/,1509
[玉田平準]竜乃御宝,0.1,https://nhentai.net/g/271312/,1478
[俵緋龍] 美熟女戦士ルナフレイヤ (くっ殺ヒロインズVol.3) [中国翻訳] [DL版],0.1,https://nhentai.net/g/318341/,1475
[なしぱすた] 電車のナカで (コミック エグゼ 18) [中国翻訳] [DL版],0.1,https://nhentai.net/g/276125/,1431
[白ぅ～凪] 聖天使ユミエル カオティックロンド 第6話 穢された決意 (二次元ドリームマガジン 2019年8月号 Vol.107) [中国翻訳] [DL版],0.1,https://nhentai.net/g/285800/,1370
[けもみみ駅] 今日もメイドに犯される [中国翻訳],0.1,https://nhentai.net/g/317114/,1325
[ダイニング] 破滅のし〇ぶ (鬼滅の刃)[中国翻訳],0.1,https://nhentai.net/g/330085/,1322
[けもみみ駅] 奴隷を犯した少年 [中国翻訳],0.1,https://nhentai.net/g/314619/,1300
[なぐるふぁる] 罪礼線666 (ANGEL 倶楽部 2019年9月号) [中国翻訳] [DL版],0.1,https://nhentai.net/g/346688/,1289
[yo] 棗の呑み隠し (二次元コミックマガジン 丸呑みイキ地獄 モンスターに捕食されたヒロイン達Vol.3) [中国翻訳] [DL版],0.1,https://nhentai.net/g/308972/,1277
(C97) [INS-mode (天凪青磁)] 痴漢の存在しない素晴らしいセカイ 教室編 [中国翻訳],0.1,https://nhentai.net/g/303182/,1274
[魂神] 泥沼の巫女 前編 (コミックアンリアル 2020年10月号 Vol.87) [中国翻訳] [DL版],0.1,https://nhentai.net/g/332735/,1269
[ビフィダス] トモダチ卒業 [DL版],0.1,https://nhentai.net/g/195993/,1259
[千年コモド] 悪堕ちしたヒロインに誘惑されレベルドレインされちゃう話 [中国翻訳],0.1,https://nhentai.net/g/268315/,1182
[とろとろレジスタンス (あかゐろ)] 最奥のサキュバス (サキュバスに犯される合同誌 ～HEAVEN～) [中国翻訳],0.1,https://nhentai.net/g/294633/,1161
[ぶって] 勇者の変態 (二次元コミックマガジン 脳姦悪堕ち 洗脳快楽に侵された正義のヒロインVol.2) [中国翻訳] [DL版],0.1,https://nhentai.net/g/348038/,1127
[夢みもち本舗 (晩月雪加)] 状態異常!?淫魔のエロトラップダンジョン [中国翻訳],0.1,https://nhentai.net/g/346755/,1117
[C.R's NEST (しーあーる)] Cursed Holy Clothes[中国翻訳],0.1,https://nhentai.net/g/350128/,1112
[アルセノテリス (Rebis)] 二人の迷宮王女 6.5+7 [DL版] [中国翻訳],0.1,https://nhentai.net/g/255892/,1111
[雪國おまる] 苗床魔改造～失墜の錬金術師～ (コミックアンリアル 2016年10月号 Vol.63) [中国翻訳],0.1,https://nhentai.net/g/276764/,1089
(C94) [クレイトス (龍之介)] 復讐のエルフ リーゼロッテ3~母娘フタナリレズレ○プで悪堕ち精神崩壊!~ [中国翻訳],0.1,https://nhentai.net/g/254118/,1088
[トリプルヘッド] 淫紋悪堕ちノ姫騎士団 [中国翻訳],0.1,https://nhentai.net/g/329584/,1073
[尻戦車] 聖煌戦姫ジュエルルミナス 乙女ふたり堕つる時 2 (くっ殺ヒロインズVol.5) [中国翻訳] [DL版],0.1,https://nhentai.net/g/337870/,1063
[跳犬] LOVE METER〜寝取られた相棒〜 #2 (くっ殺ヒロインズVol.2) [中国翻訳] [DL版],0.1,https://nhentai.net/g/311322/,1058
[魂神] 泥沼の巫女 後編 (コミックアンリアル 2020年12月号 Vol.88) [中国翻訳] [DL版],0.1,https://nhentai.net/g/336626/,1050
[けもみみ駅] 囚われ王女を犯した少年 [中国翻訳],0.1,https://nhentai.net/g/315646/,764
(C94) [MIMIPULL (桜井雫)] けもみみ童話集-赤ずきんちゃん- [中国翻訳],0.1,https://nhentai.net/g/349113/,660
[鬼遍かっつぇ] 家出ギャルに生中出ししまくって、同棲性活始めました ~出張版~ (COMIC アンスリウム 2020年5月号) [中国翻訳] [DL版],0.0,https://nhentai.net/g/310225/,5171
[やまなし娘。 (鬼遍かっつぇ)] 家出ギャルに生中出ししまくって、性処理同棲始めました 1～4 総集編 [中國語] [無修正] [DL版],0.0,https://nhentai.net/g/319264/,4836
[きょくちょ] シノ様はご立腹♥ (COMIC BAVEL 2021年4月号) [中国翻訳] [DL版],0.0,https://nhentai.net/g/349239/,4546
[NANIMOSHINAI (笹森トモエ)] げーみんぐはーれむ [中国翻訳],0.0,https://nhentai.net/g/323865/,4467
[オクモト悠太] ぱい♡ぱれーど [中国翻訳],0.0,https://nhentai.net/g/345023/,4459
[あいらんどう] メスっこ女将わからせ取材記録 [中国翻訳],0.0,https://nhentai.net/g/347201/,4457
[藤丸] ラブミーテンダー,0.0,https://nhentai.net/g/322946/,4116
[宮部キウイ] シェアラブる 後編 (コミックホットミルク 2021年3月号) [中国翻訳] [DL版],0.0,https://nhentai.net/g/347175/,3987
[八尋ぽち] 彼女結び (COMIC 快楽天 2021年3月号) [中国翻訳] [DL版],0.0,https://nhentai.net/g/346119/,3892
null,0.0,https://nhentai.net/g/344769/,3648
[こっぺ] Smashing！～lost backdoor virginity～ (COMIC 快楽天ビースト 2019年5月号) [中国翻訳] [DL版],0.0,https://nhentai.net/g/304595/,3209
(みみけっと43) [日本ケモ耳推奨委員会 (真白しらこ)] キミといっしょ (けもけもみみみみ) [中国翻訳],0.0,https://nhentai.net/g/343872/,2708
[日本ケモ耳推奨委員会 (よろず)] けもみみ きゅんきゅん [中国翻訳] [DL版] [進行中],0.0,https://nhentai.net/g/316438/,2360
[奈塚Q弥] 24時間強制発情 国民ビッチ化計画 [中国翻訳],0.0,https://nhentai.net/g/345027/,2307
(C93) [napolinu (ナポ)] 堕天使コラプション (ラブライブ! サンシャイン!!) [中国翻訳],0.0,https://nhentai.net/g/222973/,2182
(C94) [napolinu (ナポ)] 堕天使コラプションII (ラブライブ! サンシャイン!!)[中国翻訳],0.0,https://nhentai.net/g/272091/,2088
[日本ケモ耳推奨委員会 (よろず)] けもみみ きゅんきゅん [中国翻訳] [DL版],0.0,https://nhentai.net/g/324614/,2041
[日本ケモ耳推奨委員会 (よろず)] けもみみ きゅんきゅん [中国翻訳] [DL版] [進行中],0.0,https://nhentai.net/g/319170/,1817
[日本ケモ耳推奨委員会 (よろず)] けもみみ きゅんきゅん [中国翻訳] [DL版] [進行中],0.0,https://nhentai.net/g/317533/,1640
(C95) [MeltdoWN COmet (雪雨こん)] チカンニチュウイ [中国翻訳],0.0,https://nhentai.net/g/274577/,1545
(C94) [napolinu (ナポ)] 堕天使コラプションII (ラブライブ! サンシャイン!!) [中国翻訳],0.0,https://nhentai.net/g/252756/,1355
[けもみみ駅] 感情が薄いからなんでも言うこと聞いてくれる幼なじみ [中国翻訳],0.0,https://nhentai.net/g/323159/,1342
[ANCHOR (武藤まと)] ケモミミ専門リフレ Vol.1 ねこみみちゃんはとろけたい [中国翻訳] [DL版],0.0,https://nhentai.net/g/282930/,1233
"[ASK, (世羅吉。)] 堕落論 (Fate/Grand Order) [中国翻訳] [DL版]",0.0,https://nhentai.net/g/349892/,1225
[ANCHOR (武藤まと)] ケモミミ専門リフレ Vol.1 ねこみみちゃんはとろけたい [中国語] [DL版],0.0,https://nhentai.net/g/286113/,1224
[ドットエイト (さわやか鮫肌)] けもみみメイドといちゃいちゃする本 [中国翻訳] [DL版],0.0,https://nhentai.net/g/316191/,1163
[ANCHOR (武藤まと)] ケモミミ専門リフレ Vol.1 ねこみみちゃんはとろけたい [中国翻訳] [DL版],0.0,https://nhentai.net/g/284190/,1123
[Doge Club (Kome)] 獣耳ロリ調教記 [中国翻訳] [DL版],0.0,https://nhentai.net/g/310045/,1049
[ふわてん (天壌りゅか)] ケモミミパラダイス [中国翻訳] [DL版],0.0,https://nhentai.net/g/344014/,1034
(C94) [星空ステッキ (如月なな)] ケモミミ女王を発情させたい (Fate/Grand Order) [中国翻訳],0.0,https://nhentai.net/g/256083/,971
(C97) [MIMIPULL (桜井雫)] けもみみ童話集 しらゆき姫ちゃん [中国翻訳],0.0,https://nhentai.net/g/305644/,871
(C97) [けもみみヘヴン (HΛL)] 神奈ちゃん極上おもてなし触手フルコース [中国翻訳],0.0,https://nhentai.net/g/334516/,718
(コミティア124) [ANCHOR (武藤まと)] ケモミミ双子メイドおしおききろく [中国翻訳],0.0,https://nhentai.net/g/263464/,554
(C93) [OneForAll (Go-1)] ケモ耳ろーちゃんとおこたでダンケ。 (艦隊これくしょん -艦これ-) [中国翻訳],0.0,https://nhentai.net/g/223524/,489
[けもみみ駅] 感情が薄いからなんでも言うこと聞いてくれる幼なじみ [中国翻訳],0.0,https://nhentai.net/g/338846/,424
[Colt (LEE)] ケモミミ温泉へようこそ Ver1.1 [中国翻訳] [DL版],0.0,https://nhentai.net/g/158737/,353
(C93) [OneForAll (Go-1)] ケモ耳ろーちゃんとおこたでダンケ。 (艦隊これくしょん -艦これ-) [中国翻訳],0.0,https://nhentai.net/g/223562/,321
(秋季例大祭5) [Drink it! (オード)] ケモ耳彼女はあり?なし? (東方Project) [中国翻訳],0.0,https://nhentai.net/g/262931/,243
[みこと] 目が覚めたらケモミミ少女になっていたお話 [中国翻訳],0.0,https://nhentai.net/g/275883/,240
[空色パンダ (ヤモメ)] ケモ耳部長と魅惑の雄っぱい [中国翻訳],0.0,https://nhentai.net/g/293357/,174
[柳田史太] 脱走ケモミミ王子の悲劇 [中国翻訳],0.0,https://nhentai.net/g/159228/,126
(紅楼夢10) [らーらら団 (オウカ)] TOHO ～獣耳発情～ (東方Project) [中国翻訳],0.0,https://nhentai.net/g/122726/,87
